Timestamp,Hostname,DiskNumber,Type,Offset,Size,ResponseTime
128166385295514663,hm,0,Write,9056014336,2048,2833
128166385295514878,hm,0,Write,11855351808,512,2617
128166385295515175,hm,0,Write,5548077056,4096,2320
128166385301451520,hm,0,Write,3163095040,40960,3438
128166385301453920,hm,0,Write,3154132992,4096,1037
128166385301454075,hm,0,Write,3154128896,4096,883
128166385305515297,hm,0,Write,1444548608,1536,2135
128166385305515377,hm,0,Write,5584445440,1024,2054
128166385315513743,hm,0,Write,8477745152,16384,3625
128166385315514492,hm,0,Write,8477937664,8192,2875
128166385315514500,hm,0,Write,11026329600,4096,2868
128166385315515043,hm,0,Write,369532928,1024,2324
128166385325514552,hm,0,Write,8141848576,4096,2751
128166385325514971,hm,0,Write,6263287808,5632,2333
128166385334109048,hm,0,Write,1023467520,512,1950
128166385334109373,hm,0,Write,1024086016,1024,1626
128166385334109395,hm,0,Write,13532673536,8192,1604
128166385334109535,hm,0,Write,13532667904,5632,1463
128166385334109614,hm,0,Write,1885716480,16384,1385
128166385334109615,hm,0,Write,5938913280,16384,1383
128166385334109652,hm,0,Write,1885716480,16384,1346
128166385334109731,hm,0,Write,1023476224,7680,1267
128166385334109860,hm,0,Write,3154137088,4096,1139
128166385334109933,hm,0,Write,1023475712,512,1065
128166385334109945,hm,0,Write,6172327936,8192,1054
128166385334110010,hm,0,Write,1023473152,2560,988
128166385334110011,hm,0,Write,1023469056,4096,987
128166385334110033,hm,0,Write,1885716480,4096,966
128166385334110059,hm,0,Write,3154132992,4096,939
128166385334110080,hm,0,Write,3163136000,4096,919
128166385334110084,hm,0,Write,3227922432,4096,914
128166385334110106,hm,0,Write,1023483904,4096,892
128166385334110114,hm,0,Write,3154137088,4096,885
128166385334110136,hm,0,Write,1023483904,4096,862
128166385334110137,hm,0,Write,1023483904,4096,861
128166385334110161,hm,0,Write,3154137088,4096,838
128166385334110175,hm,0,Write,3227922432,4096,823
128166385334110196,hm,0,Write,3154132992,4096,802
128166385334110271,hm,0,Write,1023468032,1024,728
128166385334110312,hm,0,Write,1023467520,512,686
128166385334265485,hm,0,Write,200626176,16384,1763
128166385334265553,hm,0,Write,1076269056,1024,1695
128166385334265558,hm,0,Write,1064435712,1024,1689
128166385334265617,hm,0,Write,211292160,16384,1630
128166385334265781,hm,0,Write,293150720,4096,1466
128166385334265814,hm,0,Write,3154132992,4096,1433
128166385334265819,hm,0,Write,209457152,16384,1428
128166385334265833,hm,0,Write,200626176,16384,1414
128166385334265835,hm,0,Write,1042001920,4096,1413
128166385334265846,hm,0,Write,292958208,16384,1402
128166385334265879,hm,0,Write,1068384256,4096,1369
128166385334265884,hm,0,Write,293138432,16384,1364
128166385334265894,hm,0,Write,292958208,16384,1353
128166385334265963,hm,0,Write,1160540160,512,1284
128166385334265997,hm,0,Write,3154137088,4096,1251
128166385334266006,hm,0,Write,292962304,4096,1241
128166385334266038,hm,0,Write,292958208,4096,1209
128166385334266105,hm,0,Write,1024087040,4096,1143
128166385334266121,hm,0,Write,1160540160,512,1126
128166385334266230,hm,0,Write,3163144192,4096,1017
128166385334266259,hm,0,Write,1024091136,3072,989
128166385334266263,hm,0,Write,3154132992,4096,984
128166385334266314,hm,0,Write,1160541184,4096,933
128166385334266324,hm,0,Write,3154137088,4096,924
128166385334266330,hm,0,Write,1064436736,3072,918
128166385334266361,hm,0,Write,3163140096,4096,886
128166385334266390,hm,0,Write,200626176,4096,857
128166385334266395,hm,0,Write,3154132992,4096,853
128166385334266413,hm,0,Write,3154132992,4096,835
128166385334266415,hm,0,Write,3154137088,4096,833
128166385334266430,hm,0,Write,1160545280,4096,818
128166385334266433,hm,0,Write,292958208,4096,814
128166385334266446,hm,0,Write,292958208,4096,801
128166385334266530,hm,0,Write,1023475712,512,718
128166385334266534,hm,0,Write,1160540672,512,713
128166385351452562,hm,0,Write,6334689280,4096,2076
128166385357546157,hm,0,Write,22728704,8192,2191
128166385357546312,hm,0,Write,331210752,8192,2036
128166385357546455,hm,0,Write,1417940992,1536,1893
128166385357546459,hm,0,Write,9186996224,24576,1890
128166385357546461,hm,0,Write,1501065216,16384,1888
128166385357546478,hm,0,Write,9186996224,24576,1870
128166385357546578,hm,0,Write,1500917760,24576,1770
128166385357546582,hm,0,Write,1500917760,24576,1767
128166385357546639,hm,0,Write,1500958720,8192,1710
128166385357546640,hm,0,Write,1417940992,1536,1708
128166385357546732,hm,0,Write,864067584,8192,1616
128166385357546763,hm,0,Write,1501089792,8192,1586
128166385357546826,hm,0,Write,5770559488,8192,1522
128166385357546848,hm,0,Write,250417152,8192,1500
128166385357546875,hm,0,Write,663928832,4096,1474
128166385357546958,hm,0,Write,1501065216,16384,1390
128166385357546981,hm,0,Write,663928832,4096,1367
128166385357547039,hm,0,Write,22982656,8192,1310
128166385357547140,hm,0,Write,3163148288,4096,1209
128166385357547183,hm,0,Write,1501089792,8192,1165
128166385357547224,hm,0,Write,331210752,8192,1124
128166385357547265,hm,0,Write,864067584,8192,1083
128166385357547275,hm,0,Write,432615424,4096,1073
128166385357547280,hm,0,Write,22728704,8192,1069
128166385357547285,hm,0,Write,5770559488,8192,1064
128166385357547287,hm,0,Write,22982656,8192,1062
128166385357547290,hm,0,Write,1500958720,8192,1058
128166385357547309,hm,0,Write,250417152,8192,1040
128166385357547325,hm,0,Write,432615424,4096,1023
128166385357547445,hm,0,Write,3154132992,4096,904
128166385357547467,hm,0,Write,3154137088,4096,882
128166385357547517,hm,0,Write,3154132992,4096,831
128166385357547519,hm,0,Write,3154137088,4096,829
128166385368421959,hm,0,Read,1898643456,4096,63820
128166385396608927,hm,0,Write,1064435712,1024,1671
128166385396609047,hm,0,Write,1076269056,1024,1551
128166385396609151,hm,0,Write,200626176,16384,1448
128166385396609156,hm,0,Write,1024087040,4096,1443
128166385396609170,hm,0,Write,200953856,16384,1428
128166385396609170,hm,0,Write,1023475712,512,1428
128166385396609176,hm,0,Write,211292160,16384,1423
128166385396609186,hm,0,Write,200626176,16384,1412
128166385396609187,hm,0,Write,1024086016,1024,1412
128166385396609200,hm,0,Write,1042001920,4096,1399
128166385396609216,hm,0,Write,210767872,16384,1383
128166385396609332,hm,0,Write,1068384256,1024,1267
128166385396609347,hm,0,Write,3154132992,4096,1252
128166385396609357,hm,0,Write,1068385280,3072,1242
128166385396609393,hm,0,Write,3154137088,4096,1206
128166385396609496,hm,0,Write,1023476224,7680,1103
128166385396609521,hm,0,Write,3163152384,4096,1078
128166385396609613,hm,0,Write,1023475712,512,986
128166385396609619,hm,0,Write,1064436736,3072,980
128166385396609628,hm,0,Write,1024091136,3072,970
128166385396609673,hm,0,Write,3154132992,4096,925
128166385396609714,hm,0,Write,3154137088,4096,885
128166385396609731,hm,0,Write,200626176,4096,868
128166385401451051,hm,0,Write,3163156480,36864,3267
128166385401453381,hm,0,Write,3154137088,4096,937
128166385401453484,hm,0,Write,3154124800,4096,833
128166385405514881,hm,0,Write,1612193792,4096,1910
128166385415514708,hm,0,Write,8477757440,4096,2020
128166385425514615,hm,0,Write,11812225024,4096,2048
128166385432702037,hm,0,Write,835952640,8192,2081
128166385432702235,hm,0,Write,5770657792,16384,1883
128166385432702251,hm,0,Write,5770633216,8192,1867
128166385432702384,hm,0,Write,702128128,1536,1733
128166385432702398,hm,0,Write,702128128,1536,1719
128166385432702562,hm,0,Write,1609121792,8192,1555
128166385432702610,hm,0,Write,5770682368,8192,1507
128166385432702735,hm,0,Write,5770657792,16384,1383
128166385432702750,hm,0,Write,1316483072,4096,1367
128166385432702750,hm,0,Write,1316483072,4096,1368
128166385432702771,hm,0,Write,1159499776,8192,1346
128166385432702775,hm,0,Write,3154132992,4096,1342
128166385432702871,hm,0,Write,3163193344,4096,1247
128166385432702936,hm,0,Write,980865024,8192,1181
128166385432702969,hm,0,Write,5770592256,8192,1148
128166385432702983,hm,0,Write,9029505024,8192,1135
128166385432702986,hm,0,Write,1829322752,8192,1132
128166385432702999,hm,0,Write,1829322752,8192,1119
128166385432703038,hm,0,Write,1159499776,8192,1080
128166385432703048,hm,0,Write,9029505024,8192,1070
128166385432703054,hm,0,Write,5770608640,8192,1063
128166385432703058,hm,0,Write,5770633216,8192,1059
128166385432703061,hm,0,Write,1192382464,8192,1057
128166385432703066,hm,0,Write,5770592256,8192,1052
128166385432703067,hm,0,Write,5770682368,8192,1050
128166385432703068,hm,0,Write,5770608640,8192,1049
128166385432703071,hm,0,Write,1609121792,8192,1046
128166385432703074,hm,0,Write,980865024,8192,1043
128166385432703075,hm,0,Write,835952640,8192,1042
128166385432703098,hm,0,Write,1192382464,8192,1020
128166385432703111,hm,0,Write,571084800,4096,1006
128166385432703126,hm,0,Write,571084800,4096,991
128166385432703228,hm,0,Write,3154132992,4096,890
128166385432703241,hm,0,Write,3154137088,4096,877
128166385435514556,hm,0,Write,177774592,4096,2043
128166385445514970,hm,0,Write,6263291904,1536,1565
128166385451450738,hm,0,Write,3163197440,36864,3259
128166385451453057,hm,0,Write,3154137088,4096,940
128166385451453151,hm,0,Write,3154128896,4096,846
128166385475514034,hm,0,Write,12603961344,4096,2310
128166385475514124,hm,0,Write,1023483904,4096,2219
128166385485514242,hm,0,Write,590073856,4096,2038
128166385495513988,hm,0,Write,8477757440,8192,2227
128166385501450376,hm,0,Write,3163234304,36864,3301
128166385501452742,hm,0,Write,3154132992,4096,936
128166385501452836,hm,0,Write,3154124800,4096,841
128166385505514210,hm,0,Write,3267239936,4096,1942
128166385505515240,hm,0,Write,3282030592,4096,912
128166385505515283,hm,0,Write,3224608768,4096,868
128166385505515284,hm,0,Write,3221323776,4096,867
128166385505515294,hm,0,Write,3285921792,4096,858
128166385505670768,hm,0,Write,3227648000,4096,1633
128166385505670874,hm,0,Write,3229863936,8192,1526
128166385505671245,hm,0,Write,3227922432,4096,1155
128166385505671466,hm,0,Write,3232870400,4096,934
128166385505671466,hm,0,Write,3224842240,4096,935
128166385505671498,hm,0,Write,3224903680,4096,902
128166385505671508,hm,0,Write,3227525120,4096,892
128166385505671514,hm,0,Write,3260215296,4096,886
128166385505671535,hm,0,Write,3224940544,4096,865
128166385505671545,hm,0,Write,3224870912,4096,856
128166385515514025,hm,0,Write,9102016512,4096,2063
128166385525514053,hm,0,Write,13523419136,2560,1970
128166385535513934,hm,0,Write,1351806976,4096,2026
128166385545513201,hm,0,Write,1564618752,4096,2694
128166385545513829,hm,0,Write,1024102400,4096,2067
128166385545514529,hm,0,Write,1511247872,4096,1367
128166385545514872,hm,0,Write,1518841856,4096,1023
128166385545514919,hm,0,Write,1336467456,4096,976
128166385551450082,hm,0,Write,3163271168,36864,3276
128166385551452410,hm,0,Write,3154137088,4096,947
128166385551452510,hm,0,Write,3154128896,4096,848
128166385585513651,hm,0,Write,6263291904,1536,1988
128166385601450953,hm,0,Write,1612193792,4096,2085
128166385615669663,hm,0,Write,8477761536,4096,2033
128166385625669111,hm,0,Write,3163308032,12288,2521
128166385625670671,hm,0,Write,3154132992,4096,962
128166385625670743,hm,0,Write,6334689280,4096,889
128166385645669325,hm,0,Write,8477761536,8192,2180
128166385651449417,hm,0,Write,3163320320,36864,3300
128166385651451791,hm,0,Write,3154137088,4096,927
128166385651451877,hm,0,Write,3154124800,4096,840
128166385675669155,hm,0,Write,11812225024,4096,2157
128166385677960754,hm,0,Read,8316567552,4096,54293
128166385678013428,hm,0,Write,13575025152,4096,1620
128166385678014316,hm,0,Write,13574987776,512,732
128166385691450287,hm,0,Write,1609129984,8192,2175
128166385691450352,hm,0,Write,1417940992,1536,2109
128166385691450698,hm,0,Write,663928832,4096,1764
128166385691450726,hm,0,Write,1744355328,24576,1736
128166385691450727,hm,0,Write,1744355328,24576,1734
128166385691450730,hm,0,Write,1417940992,1536,1732
128166385691450904,hm,0,Write,6153113600,16384,1557
128166385691451060,hm,0,Write,3154137088,4096,1401
128166385691451067,hm,0,Write,663928832,4096,1395
128166385691451067,hm,0,Write,6153023488,16384,1394
128166385691451070,hm,0,Write,6153023488,16384,1392
128166385691451073,hm,0,Write,9186996224,8192,1388
128166385691451073,hm,0,Write,6153113600,16384,1389
128166385691451122,hm,0,Write,432615424,4096,1340
128166385691451171,hm,0,Write,1609162752,8192,1290
128166385691451226,hm,0,Write,3154132992,4096,1236
128166385691451298,hm,0,Write,9186996224,8192,1163
128166385691451390,hm,0,Write,1609162752,8192,1072
128166385691451400,hm,0,Write,1609129984,8192,1061
128166385691451403,hm,0,Write,6153089024,8192,1059
128166385691451403,hm,0,Write,6153089024,8192,1058
128166385691451407,hm,0,Write,1744388096,8192,1055
128166385691451414,hm,0,Write,1744388096,8192,1048
128166385691451418,hm,0,Write,1744412672,8192,1043
128166385691451422,hm,0,Write,1744412672,8192,1040
128166385691451447,hm,0,Write,432615424,4096,1015
128166385691451579,hm,0,Write,3154137088,4096,883
128166385691451602,hm,0,Write,3154132992,4096,859
128166385701448983,hm,0,Write,3163357184,40960,3415
128166385701451438,hm,0,Write,3154132992,4096,959
128166385701451550,hm,0,Write,3154128896,4096,847
128166385719354892,hm,0,Read,8477777920,32768,66141
128166385725668254,hm,0,Write,3260473344,20480,2738
128166385725669497,hm,0,Write,3262017536,4096,1496
128166385725669505,hm,0,Write,3251716096,4096,1488
128166385725669517,hm,0,Write,3262128128,16384,1475
128166385725669529,hm,0,Write,3241185280,4096,1463
128166385725669555,hm,0,Write,3244531712,4096,1437
128166385725669623,hm,0,Write,3261743104,4096,1370
128166385725669644,hm,0,Write,3229863936,8192,1349
128166385725669774,hm,0,Write,3251793920,4096,1218
128166385725669795,hm,0,Write,3262148608,4096,1198
128166385725669825,hm,0,Write,3236052992,4096,1168
128166385725669828,hm,0,Write,3244765184,4096,1164
128166385725669835,hm,0,Write,3247497216,4096,1157
128166385725669847,hm,0,Write,3262050304,8192,1146
128166385725669880,hm,0,Write,3236073472,4096,1112
128166385725669919,hm,0,Write,3261726720,4096,1073
128166385725670003,hm,0,Write,3227914240,4096,989
128166385725670004,hm,0,Write,3261509632,4096,988
128166385725670037,hm,0,Write,3224940544,4096,955
128166385725670068,hm,0,Write,3261386752,4096,924
128166385725670070,hm,0,Write,3261521920,4096,922
128166385725670079,hm,0,Write,3224465408,4096,914
128166385725670084,hm,0,Write,3262169088,4096,909
128166385725670093,hm,0,Write,3227648000,4096,899
128166385725670104,hm,0,Write,3261698048,4096,889
128166385725670108,hm,0,Write,3241988096,4096,884
128166385725670118,hm,0,Write,3261452288,4096,874
128166385725670129,hm,0,Write,3261435904,4096,864
128166385725670133,hm,0,Write,3261706240,4096,859
128166385727959458,hm,0,Read,5548068864,8192,55270
128166385735669122,hm,0,Write,251133952,4096,1806
128166385745669111,hm,0,Write,1455263744,4096,1754
128166385751448826,hm,0,Write,3163398144,36864,3251
128166385751451110,hm,0,Write,3154137088,4096,967
128166385751451219,hm,0,Write,3154124800,4096,858
128166385765668790,hm,0,Write,6263291904,3072,1947
128166385785668402,hm,0,Write,12603961344,4608,2206
128166385795666846,hm,0,Write,8477765632,36864,3699
128166385801449680,hm,0,Write,3227648000,4096,2078
128166385851448163,hm,0,Write,3163435008,36864,3274
128166385851450503,hm,0,Write,3154132992,4096,935
128166385851450598,hm,0,Write,3154128896,4096,839
128166385855355896,hm,0,Write,1023475712,512,1767
128166385855355922,hm,0,Write,200626176,16384,1740
128166385855356066,hm,0,Write,1042001920,1024,1597
128166385855356262,hm,0,Write,1024086016,1024,1400
128166385855356283,hm,0,Write,9380630528,16384,1379
128166385855356297,hm,0,Write,5976707072,16384,1365
128166385855356298,hm,0,Write,200626176,16384,1364
128166385855356311,hm,0,Write,1024091136,3072,1352
128166385855356408,hm,0,Write,3154132992,4096,1255
128166385855356474,hm,0,Write,3163471872,4096,1188
128166385855356481,hm,0,Write,1064435712,1024,1181
128166385855356507,hm,0,Write,1024087040,4096,1156
128166385855356582,hm,0,Write,1023476224,7680,1080
128166385855356718,hm,0,Write,1023475712,512,944
128166385855356762,hm,0,Write,1042002944,3072,900
128166385855356770,hm,0,Write,3154137088,4096,893
128166385855356771,hm,0,Write,3154137088,4096,892
128166385855356813,hm,0,Write,200626176,4096,850
128166385855356848,hm,0,Write,3154132992,4096,814
128166385865668064,hm,0,Write,6263291904,4096,2033
128166385885667800,hm,0,Write,8477798400,4096,2169
128166385893323997,hm,0,Write,17625088,1536,2173
128166385901449108,hm,0,Write,590073856,4096,2010
128166385951447390,hm,0,Write,3163475968,40960,3407
128166385951606108,hm,0,Write,3154137088,4096,938
128166385951606204,hm,0,Write,3154124800,4096,843
128166385965667101,hm,0,Write,8477798400,8192,2356
128166385991760837,hm,0,Write,331210752,8192,2203
128166385991761081,hm,0,Write,6142021632,16384,1959
128166385991761215,hm,0,Write,702128128,1536,1825
128166385991761287,hm,0,Write,6153277440,8192,1752
128166385991761292,hm,0,Write,702128128,1536,1748
128166385991761344,hm,0,Write,5514076160,16384,1696
128166385991761533,hm,0,Write,6153138176,16384,1506
128166385991761623,hm,0,Write,1316483072,4096,1417
128166385991761640,hm,0,Write,1316483072,4096,1400
128166385991761649,hm,0,Write,6153138176,16384,1390
128166385991761653,hm,0,Write,6142021632,16384,1387
128166385991761656,hm,0,Write,5514076160,16384,1384
128166385991761687,hm,0,Write,1159499776,8192,1352
128166385991761856,hm,0,Write,6153170944,8192,1184
128166385991761868,hm,0,Write,1159499776,8192,1171
128166385991761874,hm,0,Write,864067584,8192,1166
128166385991761887,hm,0,Write,5514043392,8192,1152
128166385991761898,hm,0,Write,3154132992,4096,1141
128166385991761926,hm,0,Write,6153220096,8192,1114
128166385991761966,hm,0,Write,6153220096,8192,1073
128166385991761983,hm,0,Write,5514043392,8192,1057
128166385991761984,hm,0,Write,864067584,8192,1056
128166385991761989,hm,0,Write,6153170944,8192,1051
128166385991762000,hm,0,Write,6153277440,8192,1039
128166385991762001,hm,0,Write,331210752,8192,1039
128166385991762014,hm,0,Write,571084800,4096,1026
128166385991762025,hm,0,Write,571084800,4096,1014
128166385991762048,hm,0,Write,3154137088,4096,991
128166385991762171,hm,0,Write,3154137088,4096,868
128166385991762179,hm,0,Write,3154132992,4096,860
128166385996604965,hm,0,Write,1023475712,512,1794
128166385996605025,hm,0,Write,1064435712,1024,1734
128166385996605286,hm,0,Write,1076269056,1024,1473
128166385996605308,hm,0,Write,1042001920,4096,1451
128166385996605313,hm,0,Write,200626176,16384,1445
128166385996605330,hm,0,Write,210767872,16384,1429
128166385996605342,hm,0,Write,200626176,16384,1417
128166385996605345,hm,0,Write,1024086016,1024,1413
128166385996605359,hm,0,Write,200953856,16384,1400
128166385996605369,hm,0,Write,211292160,16384,1390
128166385996605574,hm,0,Write,1024087040,4096,1184
128166385996605587,hm,0,Write,1068384256,1024,1172
128166385996605611,hm,0,Write,1068385280,3072,1147
128166385996605613,hm,0,Write,3154137088,4096,1146
128166385996605620,hm,0,Write,3154132992,4096,1139
128166385996605635,hm,0,Write,3163516928,4096,1124
128166385996605666,hm,0,Write,1023476224,7680,1093
128166385996605686,hm,0,Write,3154132992,4096,1072
128166385996605726,hm,0,Write,1023475712,512,1032
128166385996605766,hm,0,Write,1024091136,3072,992
128166385996605872,hm,0,Write,1064436736,3072,887
128166385996605902,hm,0,Write,3154137088,4096,857
128166385996605906,hm,0,Write,200626176,4096,853
128166386001604699,hm,0,Write,3224940544,4096,2028
128166386005667328,hm,0,Write,6263291904,4608,1872
128166386015666985,hm,0,Write,3260215296,4096,2152
128166386015668086,hm,0,Write,3229863936,8192,1050
128166386015668198,hm,0,Write,3154132992,4096,939
128166386015668207,hm,0,Write,3232870400,4096,930
128166386015668258,hm,0,Write,3227922432,4096,878
128166386015668274,hm,0,Write,3227648000,4096,862
128166386015668277,hm,0,Write,3224940544,4096,860
128166386015668305,hm,0,Write,3224608768,4096,832
128166386025666294,hm,0,Write,6334689280,4096,2779
128166386025666630,hm,0,Write,1023483904,4096,2443
128166386025666764,hm,0,Write,11812225024,4096,2309
128166386051603305,hm,0,Write,3163521024,36864,3102
128166386051605340,hm,0,Write,3154137088,4096,1067
128166386051605567,hm,0,Write,3154128896,4096,839
128166386083635013,hm,0,Write,12603965440,1536,2438
128166386083635321,hm,0,Write,8477802496,4096,2131
128166386133633739,hm,0,Write,3163557888,36864,3392
128166386133636061,hm,0,Write,3154132992,4096,1070
128166386133636305,hm,0,Write,3154124800,4096,827
128166386143635109,hm,0,Write,6263296000,1024,1959
128166386183634782,hm,0,Write,3232870400,4096,2030
128166386233633141,hm,0,Write,3163594752,36864,3350
128166386233635341,hm,0,Write,3154137088,4096,1150
128166386233635660,hm,0,Write,3154128896,4096,831
128166386243633614,hm,0,Write,3246813184,4096,2814
128166386243634272,hm,0,Write,11812225024,4096,2155
128166386243635501,hm,0,Write,3260215296,4096,926
128166386243635544,hm,0,Write,3224948736,4096,884
128166386243635585,hm,0,Write,3224940544,4096,842
128166386253634299,hm,0,Write,8477802496,4096,2064
128166386269204207,hm,0,Read,2671439872,4096,57057
128166386283633642,hm,0,Write,3163631616,36864,2529
128166386283634346,hm,0,Write,6263296000,1024,1825
128166386283634542,hm,0,Write,3154132992,4096,1629
128166386283635229,hm,0,Write,3154124800,4096,943
128166386292071206,hm,0,Write,6018031616,16384,2412
128166386292071464,hm,0,Write,1609129984,8192,2154
128166386292071501,hm,0,Write,1417940992,1536,2116
128166386292071834,hm,0,Write,663928832,4096,1784
128166386292071861,hm,0,Write,1417940992,1536,1756
128166386292072007,hm,0,Write,6018105344,8192,1610
128166386292072212,hm,0,Write,9186996224,8192,1406
128166386292072213,hm,0,Write,6018031616,16384,1404
128166386292072230,hm,0,Write,5514182656,16384,1388
128166386292072232,hm,0,Write,663928832,4096,1386
128166386292072239,hm,0,Write,5514182656,16384,1379
128166386292072261,hm,0,Write,432615424,4096,1356
128166386292072282,hm,0,Write,3163668480,4096,1335
128166386292072347,hm,0,Write,6018170880,8192,1271
128166386292072435,hm,0,Write,1609162752,8192,1182
128166386292072437,hm,0,Write,3154137088,4096,1181
128166386292072474,hm,0,Write,5514108928,8192,1144
128166386292072480,hm,0,Write,3154137088,4096,1138
128166386292072485,hm,0,Write,6018121728,8192,1132
128166386292072514,hm,0,Write,9186996224,8192,1103
128166386292072541,hm,0,Write,1609129984,8192,1077
128166386292072547,hm,0,Write,5514158080,8192,1070
128166386292072549,hm,0,Write,1609162752,8192,1069
128166386292072562,hm,0,Write,5514108928,8192,1056
128166386292072567,hm,0,Write,6074646528,8192,1051
128166386292072570,hm,0,Write,6018105344,8192,1047
128166386292072572,hm,0,Write,5514158080,8192,1046
128166386292072573,hm,0,Write,6074646528,8192,1045
128166386292072576,hm,0,Write,6018121728,8192,1042
128166386292072579,hm,0,Write,6018170880,8192,1038
128166386292072608,hm,0,Write,432615424,4096,1009
128166386292072747,hm,0,Write,3154132992,4096,871
128166386292228523,hm,0,Write,3154132992,4096,1344
128166386303633978,hm,0,Write,6334689280,4096,2065
128166386333632639,hm,0,Write,3163672576,32768,3213
128166386333634927,hm,0,Write,3154137088,4096,924
128166386333635006,hm,0,Write,3154128896,4096,846
128166386343634044,hm,0,Write,630075392,4096,1743
128166386383633018,hm,0,Write,3163705344,36864,2514
128166386383633563,hm,0,Write,12603965440,2048,1968
128166386383634618,hm,0,Write,3154132992,4096,914
128166386383634709,hm,0,Write,3154124800,4096,822
128166386423633184,hm,0,Write,6263296000,3072,2092
128166386433633167,hm,0,Write,3163742208,4096,2045
128166386433634307,hm,0,Write,3224940544,4096,904
128166386443633094,hm,0,Write,3227648000,4096,2054
128166386443634048,hm,0,Write,3229863936,8192,1099
128166386443634279,hm,0,Write,3232870400,4096,869
128166386443634287,hm,0,Write,3260215296,4096,861
128166386483632120,hm,0,Write,3163746304,36864,2771
128166386483632953,hm,0,Write,1444548608,2560,1938
128166386483633984,hm,0,Write,3154137088,4096,907
128166386483634081,hm,0,Write,3154128896,4096,810
128166386493632779,hm,0,Write,369532928,2560,2048
128166386503632785,hm,0,Write,1444548608,2560,1979
128166386505507974,hm,0,Write,1064435712,1024,1777
128166386505508174,hm,0,Write,1023475712,512,1578
128166386505508245,hm,0,Write,200626176,16384,1506
128166386505508277,hm,0,Write,1042002944,3072,1474
128166386505508317,hm,0,Write,5976707072,16384,1435
128166386505508332,hm,0,Write,1024086016,1024,1419
128166386505508357,hm,0,Write,9380630528,16384,1395
128166386505508365,hm,0,Write,200626176,16384,1386
128166386505508553,hm,0,Write,1042001920,1024,1198
128166386505508555,hm,0,Write,1024087040,4096,1197
128166386505508574,hm,0,Write,3163783168,4096,1177
128166386505508640,hm,0,Write,3154132992,4096,1112
128166386505508660,hm,0,Write,1023476224,7680,1091
128166386505508738,hm,0,Write,1023475712,512,1014
128166386505508813,hm,0,Write,3154137088,4096,939
128166386505508839,hm,0,Write,3154137088,4096,912
128166386505508841,hm,0,Write,1024091136,3072,910
128166386505508867,hm,0,Write,3154132992,4096,885
128166386505508911,hm,0,Write,200626176,4096,841
128166386533632472,hm,0,Write,11812225024,4096,2099
128166386555128520,hm,0,Read,329748480,1536,68413
128166386555194255,hm,0,Write,3163787264,28672,2679
128166386555196007,hm,0,Write,3154132992,4096,927
128166386555300619,hm,0,Read,11933585408,4096,208813
128166386555454261,hm,0,Read,579637248,32768,55170
128166386555463626,hm,0,Read,580390912,32768,45806
128166386555599045,hm,0,Read,11933585408,20992,66636
128166386555662124,hm,0,Read,11933589504,8192,3556
128166386555662359,hm,0,Read,11933597696,4096,3322
128166386555662647,hm,0,Read,11933601792,4096,3033
128166386555785111,hm,0,Read,11932950528,16384,36819
128166386555793261,hm,0,Read,580186112,32768,28669
128166386555799744,hm,0,Read,11923767296,32768,22186
128166386555817520,hm,0,Read,11932925952,16384,4410
128166386555916427,hm,0,Read,295236608,32768,61751
128166386555942369,hm,0,Read,11923812352,32768,35810
128166386555964585,hm,0,Read,11932520448,32768,169843
128166386555968777,hm,0,Read,11923877888,32768,9402
128166386555969448,hm,0,Read,11923845120,32768,8731
128166386555972207,hm,0,Read,11923771392,32768,5972
128166386555972530,hm,0,Read,11932893184,32768,5649
128166386555974015,hm,0,Read,11932966912,16384,4163
128166386555974047,hm,0,Read,11933028352,16384,4132
128166386556213188,hm,0,Read,11932655616,32768,77488
128166386556275222,hm,0,Read,11932573696,32768,15455
128166386556278654,hm,0,Read,11932610560,32768,12023
128166386556285282,hm,0,Read,11932749824,32768,5394
128166386556285303,hm,0,Read,11932860416,32768,5374
128166386556285308,hm,0,Read,11932463104,32768,5368
128166386556285401,hm,0,Read,11932823552,32768,5275
128166386556285402,hm,0,Read,11932782592,32768,5275
128166386556285485,hm,0,Read,11932712960,32768,5192
128166386556286572,hm,0,Read,11932991488,16384,4104
128166386556286647,hm,0,Read,11933011968,16384,4030
128166386556287370,hm,0,Read,11932983296,8192,3306
128166386556287773,hm,0,Read,11932606464,4096,2904
128166386556398812,hm,0,Read,11935727616,32768,48114
128166386556401460,hm,0,Read,11933343744,29184,45465
128166386556441568,hm,0,Read,11933470720,32768,5357
128166386556441673,hm,0,Read,11935731712,24576,5253
128166386556442888,hm,0,Read,11933528064,16384,4038
128166386556443050,hm,0,Read,11935764480,12288,3876
128166386556443067,hm,0,Read,11933347840,12288,3859
128166386556443324,hm,0,Read,11935756288,8192,3602
128166386556443746,hm,0,Read,11933360128,4096,3180
128166386556443967,hm,0,Read,11933364224,4096,2958
128166386556532737,hm,0,Read,11932495872,24576,70437
128166386556581599,hm,0,Read,11957297152,2048,21576
128166386556597888,hm,0,Read,11935809536,32768,5286
128166386556597959,hm,0,Read,11933495296,32768,5216
128166386556598327,hm,0,Read,11935813632,28672,4848
128166386556598957,hm,0,Read,11933474816,20480,4217
128166386556599219,hm,0,Read,11933548544,16384,3956
128166386556599787,hm,0,Read,11935842304,8192,3387
128166386556599883,hm,0,Read,11935850496,8192,3291
128166386556600072,hm,0,Read,11933544448,4096,3102
128166386556724992,hm,0,Read,11956797440,65536,34431
128166386556736387,hm,0,Read,11956932608,65536,23037
128166386556737358,hm,0,Read,11957129216,65536,22065
128166386556740111,hm,0,Read,11956998144,65536,19313
128166386556742900,hm,0,Read,11957063680,65536,16523
128166386556743673,hm,0,Read,11956867072,65536,15751
128166386556756182,hm,0,Read,11956862976,4096,3241
128166386556896094,hm,0,Read,11957194752,65536,19578
128166386556910718,hm,0,Read,11957260288,36864,4955
128166386556912070,hm,0,Read,11962257408,2560,159851
128166386557024029,hm,0,Read,11958906880,3072,47893
128166386557062296,hm,0,Read,11962159104,65536,9626
128166386557066001,hm,0,Read,11962224640,32768,5921
128166386557182102,hm,0,Read,11942379520,40960,46068
128166386557195669,hm,0,Read,11942420480,512,32502
128166386557222749,hm,0,Read,11958878208,28672,5421
128166386557309816,hm,0,Read,11958083584,1536,74603
128166386557315918,hm,0,Read,11895033856,512,68502
128166386557358984,hm,0,Read,11960188928,3584,25436
128166386557380471,hm,0,Read,11895021568,12288,3949
128166386557380533,hm,0,Read,11932643328,12288,3886
128166386557381294,hm,0,Read,11960184832,4096,3125
128166386557381468,hm,0,Read,11958079488,4096,2952
128166386557487834,hm,0,Read,11947864064,4096,52835
128166386557535620,hm,0,Read,11932688384,24576,5049
128166386557536301,hm,0,Read,11932553216,20480,4368
128166386557536860,hm,0,Read,11923804160,8192,3808
128166386557537201,hm,0,Read,11947937792,8192,3468
128166386557537549,hm,0,Read,11932745728,4096,3119
128166386557537630,hm,0,Read,11947868160,4096,3038
128166386557537675,hm,0,Read,11947933696,4096,2993
128166386557632289,hm,0,Read,11947749376,4096,64629
128166386557671557,hm,0,Read,11948331008,4096,25360
128166386557693586,hm,0,Read,11947798528,8192,3331
128166386557693632,hm,0,Read,11947810816,8192,3286
128166386557693720,hm,0,Read,11947974656,4096,3198
128166386557693838,hm,0,Read,11947962368,4096,3080
128166386557693867,hm,0,Read,11947827200,4096,3051
128166386557693930,hm,0,Read,11947794432,4096,2987
128166386557693948,hm,0,Read,11947913216,4096,2970
128166386557693970,hm,0,Read,11947819008,4096,2948
128166386557694002,hm,0,Read,11947806720,4096,2916
128166386557694087,hm,0,Read,11947823104,4096,2831
128166386557695375,hm,0,Read,11948240896,4096,1543
128166386557695766,hm,0,Read,11948244992,4096,1151
128166386557767845,hm,0,Read,11947855872,4096,85321
128166386557802777,hm,0,Read,11947929600,4096,50390
128166386557831297,hm,0,Read,11947876352,4096,21869
128166386557837387,hm,0,Read,11947765760,4096,15780
128166386557840840,hm,0,Read,11947945984,16384,12326
128166386557844477,hm,0,Read,11947982848,12288,8689
128166386557845153,hm,0,Read,11947966464,8192,8014
128166386557850041,hm,0,Read,11947978752,4096,3126
128166386557850323,hm,0,Read,11947888640,4096,2843
128166386557850329,hm,0,Read,11947880448,4096,2838
128166386557850329,hm,0,Read,11947884544,4096,2837
128166386557851511,hm,0,Read,11947909120,4096,1655
128166386557910376,hm,0,Read,11948900352,4096,99039
128166386557979155,hm,0,Read,11948838912,4096,30261
128166386558006290,hm,0,Read,11948896256,4096,3125
128166386558006352,hm,0,Read,11948802048,4096,3063
128166386558006372,hm,0,Read,11948843008,4096,3043
128166386558006505,hm,0,Read,11948904448,4096,2911
128166386558008252,hm,0,Read,11947896832,4096,1163
128166386558008547,hm,0,Read,11947900928,4096,869
128166386558008547,hm,0,Read,11947892736,4096,868
128166386558098139,hm,0,Read,11947769856,4096,67525
128166386558158305,hm,0,Read,11947831296,4096,7359
128166386558161984,hm,0,Read,11947782144,12288,3681
128166386558162483,hm,0,Read,11948703744,4096,3182
128166386558162527,hm,0,Read,11948879872,4096,3138
128166386558162656,hm,0,Read,11948998656,4096,3009
128166386558162665,hm,0,Read,11948744704,4096,2999
128166386558162690,hm,0,Read,11947778048,4096,2974
128166386558162727,hm,0,Read,11948695552,4096,2937
128166386558162762,hm,0,Read,11948740608,4096,2902
128166386558162800,hm,0,Read,11948699648,4096,2864
128166386558162818,hm,0,Read,11948994560,4096,2846
128166386558164479,hm,0,Read,11947835392,4096,1185
128166386558164777,hm,0,Read,11947921408,4096,888
128166386558164793,hm,0,Read,11947859968,4096,872
128166386558164795,hm,0,Read,11947847680,4096,870
128166386558164797,hm,0,Read,11947925504,4096,867
128166386558164810,hm,0,Read,11947851776,4096,855
128166386558306948,hm,0,Read,11932454912,8192,14965
128166386558313095,hm,0,Read,11947753472,12288,8819
128166386558316881,hm,0,Read,11923910656,20480,5032
128166386558317934,hm,0,Read,11947732992,16384,3980
128166386558317970,hm,0,Read,11947700224,16384,3944
128166386558318648,hm,0,Read,11948830720,4096,3266
128166386558318765,hm,0,Read,11947716608,4096,3149
128166386558318777,hm,0,Read,11948793856,4096,3136
128166386558318799,hm,0,Read,11947696128,4096,3115
128166386558318884,hm,0,Read,11947692032,4096,3029
128166386558320608,hm,0,Read,11948285952,4096,1306
128166386558320680,hm,0,Read,11947773952,4096,1233
128166386558320709,hm,0,Read,11948249088,4096,1205
128166386558320720,hm,0,Read,11948318720,4096,1194
128166386558320932,hm,0,Read,11948261376,4096,981
128166386558321012,hm,0,Read,11947905024,4096,901
128166386558425769,hm,0,Read,11955613696,4096,52393
128166386558447927,hm,0,Read,11947532288,4096,30235
128166386558456362,hm,0,Read,11947565056,4096,21800
128166386558473992,hm,0,Read,11947581440,4096,4171
128166386558475106,hm,0,Read,11947569152,4096,3056
128166386558475127,hm,0,Read,11947720704,4096,3035
128166386558475128,hm,0,Read,11947536384,4096,3034
128166386558475180,hm,0,Read,11947728896,4096,2983
128166386558475299,hm,0,Read,11947577344,4096,2863
128166386558571048,hm,0,Read,11956154368,4096,63364
128166386558589140,hm,0,Read,11954417664,4096,45271
128166386558631095,hm,0,Read,11954409472,8192,3316
128166386558631297,hm,0,Read,11948933120,4096,3114
128166386558631358,hm,0,Read,11954438144,4096,3054
128166386558631360,hm,0,Read,11954421760,4096,3052
128166386558631372,hm,0,Read,11954405376,4096,3039
128166386558631450,hm,0,Read,11954434048,4096,2961
128166386558633237,hm,0,Read,11948326912,4096,1174
128166386558742091,hm,0,Read,11955568640,4096,48570
128166386558782401,hm,0,Read,11954429952,4096,8260
128166386558787245,hm,0,Read,11948888064,8192,3416
128166386558787369,hm,0,Read,11947540480,4096,3291
128166386558787417,hm,0,Read,11948883968,4096,3244
128166386558787561,hm,0,Read,11954425856,4096,3099
128166386558896636,hm,0,Read,11955564544,4096,50274
128166386558943625,hm,0,Read,11955507200,4096,3284
128166386558943661,hm,0,Read,11955511296,4096,3249
128166386558943683,hm,0,Read,11948126208,4096,3227
128166386558943820,hm,0,Read,11955494912,4096,3089
128166386558943824,hm,0,Read,11948105728,4096,3086
128166386558943907,hm,0,Read,11948109824,4096,3003
128166386558943961,hm,0,Read,11955503104,4096,2948
128166386558944074,hm,0,Read,11955499008,4096,2835
128166386558945713,hm,0,Read,11948335104,4096,1196
128166386558946042,hm,0,Read,11948339200,4096,867
128166386559036006,hm,0,Read,11956449280,4096,67153
128166386559047780,hm,0,Read,11955605504,4096,55378
128166386559094101,hm,0,Read,11948834816,4096,9057
128166386559099850,hm,0,Read,11948093440,8192,3308
128166386559100036,hm,0,Read,11948089344,4096,3122
128166386559100038,hm,0,Read,11948826624,4096,3121
128166386559100094,hm,0,Read,11948937216,4096,3065
128166386559100125,hm,0,Read,11947556864,4096,3033
128166386559100133,hm,0,Read,11948924928,4096,3025
128166386559100153,hm,0,Read,11948822528,4096,3005
128166386559100188,hm,0,Read,11956453376,4096,2970
128166386559100278,hm,0,Read,11948711936,4096,2880
128166386559100281,hm,0,Read,11948818432,4096,2877
128166386559100330,hm,0,Read,11948707840,4096,2828
128166386559100342,hm,0,Read,11947560960,4096,2816
128166386559100442,hm,0,Read,11948847104,32768,2717
128166386559193716,hm,0,Read,11955609600,4096,65691
128166386559256227,hm,0,Read,11955716096,4096,3181
128166386559256333,hm,0,Read,11948716032,4096,3075
128166386559256352,hm,0,Read,11948122112,4096,3056
128166386559256390,hm,0,Read,11955765248,4096,3017
128166386559324493,hm,0,Read,11961782272,4096,91164
128166386559372892,hm,0,Read,11961819136,65536,42764
128166386559398353,hm,0,Read,11961757696,4096,17303
128166386559408935,hm,0,Read,11961769984,4096,6722
128166386559412233,hm,0,Read,11961765888,4096,3424
128166386559412501,hm,0,Read,11961761792,4096,3155
128166386559413396,hm,0,Read,11961778176,4096,2260
128166386559413449,hm,0,Read,11961774080,4096,2208
128166386559414285,hm,0,Read,11961798656,4096,1371
128166386559414422,hm,0,Read,11961786368,4096,1235
128166386559414515,hm,0,Read,11961794560,4096,1142
128166386559414781,hm,0,Read,11961790464,4096,875
128166386559511126,hm,0,Read,11958800384,4096,60779
128166386559550046,hm,0,Read,11958513664,4096,21860
128166386559568635,hm,0,Read,11958870016,4096,3270
128166386559608494,hm,0,Read,11958366208,4096,119660
128166386559669484,hm,0,Read,11930660864,4096,58671
128166386559701898,hm,0,Read,11930722304,32768,26257
128166386559717221,hm,0,Read,11930681344,32768,10934
128166386559724825,hm,0,Read,11958517760,4096,3330
128166386559725120,hm,0,Read,11930664960,4096,3035
128166386559810620,hm,0,Read,11958403072,4096,73783
128166386559821493,hm,0,Read,11929542656,4096,62910
128166386559876225,hm,0,Read,11930648576,4096,8179
128166386559881184,hm,0,Read,11929546752,4096,3219
128166386559881217,hm,0,Read,11958861824,4096,3187
128166386559881275,hm,0,Read,11930771456,4096,3129
128166386559881447,hm,0,Read,11958505472,4096,2957
128166386559972758,hm,0,Read,11931037696,4096,67895
128166386560036944,hm,0,Read,11932815360,8192,3709
128166386560037732,hm,0,Read,11931041792,4096,2921
128166386560131149,hm,0,Read,11932942336,8192,65753
128166386560179074,hm,0,Read,11955621888,65536,17828
128166386560180089,hm,0,Read,11955589120,4096,16813
128166386560187093,hm,0,Read,11949035520,4096,9808
128166386560188539,hm,0,Read,11955474432,4096,8362
128166386560191425,hm,0,Read,11955597312,4096,5477
128166386560192906,hm,0,Read,11955601408,4096,3996
128166386560193420,hm,0,Read,11932856320,4096,3482
128166386560193653,hm,0,Read,11955490816,4096,3249
128166386560193670,hm,0,Read,11949039616,4096,3231
128166386560194026,hm,0,Read,11949023232,4096,2876
128166386560194068,hm,0,Read,11949027328,4096,2834
128166386560195572,hm,0,Read,11947872256,4096,1330
128166386560195700,hm,0,Read,11955478528,4096,1201
128166386560195997,hm,0,Read,11947917312,4096,904
128166386560294059,hm,0,Read,11944247296,4096,59092
128166386560344611,hm,0,Read,11947548672,4096,8540
128166386560344725,hm,0,Read,11955593216,4096,8425
128166386560350117,hm,0,Read,11949031424,4096,3033
128166386560351962,hm,0,Read,11947552768,4096,1189
128166386560352019,hm,0,Read,11947544576,4096,1132
128166386560451268,hm,0,Read,11936665600,4096,58132
128166386560468964,hm,0,Read,11928121344,4096,40436
128166386560506239,hm,0,Read,11949019136,4096,3160
128166386560594737,hm,0,Read,11957960704,4096,70912
128166386560622656,hm,0,Read,11960115200,4096,42992
128166386560663941,hm,0,Read,11947585536,4096,1708
128166386560788495,hm,0,Read,11930775552,4096,33402
128166386560812929,hm,0,Read,11948101632,4096,8969
128166386560818100,hm,0,Read,11955560448,4096,3798
128166386560950781,hm,0,Read,11955789824,4096,27365
128166386560963506,hm,0,Read,11930779648,4096,14640
128166386560969447,hm,0,Read,11930820608,65536,8700
128166386560969562,hm,0,Read,11948732416,4096,8584
128166386560970079,hm,0,Read,11958407168,65536,8068
128166386560972948,hm,0,Read,11958349824,4096,5198
128166386560974373,hm,0,Read,11958341632,4096,3774
128166386560974837,hm,0,Read,11958345728,4096,3310
128166386560975172,hm,0,Read,11958362112,4096,2974
128166386560976455,hm,0,Read,11955712000,4096,1691
128166386560976476,hm,0,Read,11948113920,4096,1671
128166386560976628,hm,0,Read,11955687424,4096,1518
128166386560976844,hm,0,Read,11948023808,4096,1302
128166386560976881,hm,0,Read,11948118016,4096,1266
128166386560977133,hm,0,Read,11955707904,4096,1013
128166386560977177,hm,0,Read,11955703808,4096,969
128166386561090173,hm,0,Read,11961253888,4096,44223
128166386561102604,hm,0,Read,11954446336,65536,31792
128166386561108144,hm,0,Read,11954393088,4096,26252
128166386561119094,hm,0,Read,11954397184,4096,15302
128166386561131434,hm,0,Read,11961257984,2560,2962
128166386561197126,hm,0,Read,11930619904,4096,93518
128166386561271529,hm,0,Read,11930615808,4096,19115
128166386561277889,hm,0,Read,11930755072,16384,12756
128166386561283496,hm,0,Read,11930656768,4096,7148
128166386561287465,hm,0,Read,11930673152,4096,3179
128166386561287507,hm,0,Read,11930624000,4096,3138
128166386561287713,hm,0,Read,11930677248,4096,2932
128166386561287812,hm,0,Read,11930783744,36864,2832
128166386561375503,hm,0,Read,1890103296,4096,71390
128166386561441328,hm,0,Read,11958214656,32768,5565
128166386561442814,hm,0,Read,11958259712,16384,4079
128166386561443529,hm,0,Read,11930628096,4096,3364
128166386561443862,hm,0,Read,11958284288,4096,3032
128166386561558661,hm,0,Read,160224256,32768,44482
128166386561597124,hm,0,Read,160271360,1024,6018
128166386561598603,hm,0,Read,160257024,13824,4540
128166386561599742,hm,0,Read,160270848,512,3400
128166386561664488,hm,0,Read,11958251520,8192,94903
128166386561754092,hm,0,Read,11958222848,24576,5299
128166386561755688,hm,0,Read,11958276096,8192,3704
128166386561912540,hm,0,Read,11958218752,4096,3100
128166386561914422,hm,0,Read,11948072960,4096,1219
128166386561914746,hm,0,Read,11948077056,4096,894
128166386561914754,hm,0,Read,11948081152,4096,886
128166386561999122,hm,0,Read,11960004608,29184,72768
128166386562068443,hm,0,Read,11960008704,8192,3446
128166386562068569,hm,0,Read,11960025088,4096,3320
128166386562068640,hm,0,Read,11960029184,4096,3250
128166386562068877,hm,0,Read,11960016896,4096,3013
128166386562191523,hm,0,Read,11935076352,32768,36615
128166386562224013,hm,0,Read,11935080448,12288,4126
128166386562224703,hm,0,Read,11935096832,8192,3436
128166386562224894,hm,0,Read,11960020992,4096,3244
128166386562225027,hm,0,Read,11935092736,4096,3112
128166386562226337,hm,0,Read,11948060672,12288,1802
128166386562226787,hm,0,Read,11961806848,4096,1351
128166386562226989,hm,0,Read,11948044288,8192,1149
128166386562227158,hm,0,Read,11948040192,4096,980
128166386562227214,hm,0,Read,11948085248,4096,924
128166386562337445,hm,0,Read,11955576832,4096,46942
128166386562364910,hm,0,Read,11947393024,4096,19478
128166386562380475,hm,0,Read,11947397120,12288,3912
128166386562380879,hm,0,Read,11948916736,4096,3508
128166386562381043,hm,0,Read,11948814336,4096,3344
128166386562381513,hm,0,Read,11948920832,4096,2874
128166386562382891,hm,0,Read,11948912640,4096,1496
128166386562383143,hm,0,Read,11955572736,4096,1245
128166386562504505,hm,0,Read,11956482048,4096,36132
128166386562509165,hm,0,Read,11955458048,4096,31471
128166386562529007,hm,0,Read,11952746496,4096,11629
128166386562537375,hm,0,Read,11947278336,4096,3262
128166386562537528,hm,0,Read,11956486144,4096,3108
128166386562539351,hm,0,Read,11955769344,4096,1285
128166386562539454,hm,0,Read,11955462144,4096,1183
128166386562539729,hm,0,Read,11955777536,4096,908
128166386562539762,hm,0,Read,11955466240,4096,875
128166386562539772,hm,0,Read,11955773440,4096,864
128166386562638420,hm,0,Read,11952754688,65536,58465
128166386562652747,hm,0,Read,11952750592,4096,44139
128166386562693431,hm,0,Read,11947282432,4096,3454
128166386562818724,hm,0,Read,11932270592,16384,34411
128166386562819031,hm,0,Read,11932364800,8192,34104
128166386562821389,hm,0,Read,11918299136,32768,31745
128166386562919474,hm,0,Read,11932192768,16384,89910
128166386562976603,hm,0,Read,11932000256,32768,32780
128166386563003003,hm,0,Read,11932033024,32768,6380
128166386563003151,hm,0,Read,11932160000,32768,6233
128166386563003392,hm,0,Read,11931967488,32768,5991
128166386563004838,hm,0,Read,11932209152,16384,4546
128166386563005256,hm,0,Read,11932319744,16384,4127
128166386563005261,hm,0,Read,11932348416,16384,4123
128166386563094760,hm,0,Read,11932299264,16384,70872
128166386563095280,hm,0,Read,11932082176,32768,70352
128166386563160396,hm,0,Read,11932114944,32768,5237
128166386563161877,hm,0,Read,11932286976,12288,3756
128166386563162000,hm,0,Read,11932147712,12288,3632
128166386563162457,hm,0,Read,11947388928,4096,3176
128166386563249461,hm,0,Read,11954335744,4096,72421
128166386563270014,hm,0,Read,11953963008,4096,51867
128166386563316739,hm,0,Read,11954339840,16384,5142
128166386563318391,hm,0,Read,11953967104,8192,3491
128166386563318699,hm,0,Read,11948785664,4096,3182
128166386563318752,hm,0,Read,11949006848,4096,3130
128166386563318810,hm,0,Read,11953987584,4096,3072
128166386563319024,hm,0,Read,11948789760,4096,2858
128166386563320416,hm,0,Read,11948761088,4096,1465
128166386563320494,hm,0,Read,11948756992,4096,1388
128166386563421333,hm,0,Read,11946696704,4096,56798
128166386563422878,hm,0,Read,11955232768,8192,55252
128166386563474515,hm,0,Read,11955240960,8192,3615
128166386563475009,hm,0,Read,11946831872,4096,3122
128166386563475009,hm,0,Read,11946700800,4096,3122
128166386563477056,hm,0,Read,11948769280,4096,1074
128166386563477269,hm,0,Read,11948773376,4096,861
128166386563590124,hm,0,Read,11955228672,4096,44255
128166386563599576,hm,0,Read,11924463616,32768,34803
128166386563617985,hm,0,Read,11948982272,12288,16395
128166386563629133,hm,0,Read,11932336128,12288,5246
128166386563632259,hm,0,Write,11861127168,1536,2121
128166386563632440,hm,0,Write,11026329600,4096,1940
128166386563632594,hm,0,Read,11948978176,4096,1785
128166386563632855,hm,0,Write,9056014336,3072,1524
128166386563633423,hm,0,Write,6263296000,3584,956
128166386563662752,hm,0,Read,11953467392,4096,284125
128166386564042403,hm,0,Read,11953471488,4096,60724
128166386564055837,hm,0,Read,11923587072,16384,47289
128166386564069188,hm,0,Read,11926503424,32768,33938
128166386564100047,hm,0,Read,11932315648,4096,3080
128166386564100090,hm,0,Read,11923582976,4096,3036
128166386564202275,hm,0,Read,11926560768,32768,57101
128166386564207305,hm,0,Read,11923574784,8192,52071
128166386564213383,hm,0,Read,11926646784,24576,45993
128166386564253362,hm,0,Read,11926593536,32768,6013
128166386564254832,hm,0,Read,11923623936,16384,4543
128166386564255088,hm,0,Read,11923603456,16384,4288
128166386564256243,hm,0,Read,11953512448,4096,3133
128166386564256254,hm,0,Read,11923619840,4096,3122
128166386564362450,hm,0,Read,11936223232,5632,53175
128166386564414228,hm,0,Read,11948969984,4096,1397
128166386564414601,hm,0,Read,11948974080,4096,1024
128166386564414740,hm,0,Read,11948765184,4096,884
128166386564517644,hm,0,Read,630575104,4096,54229
128166386564534148,hm,0,Read,632983552,4096,37726
128166386564546482,hm,0,Read,632688640,4096,25392
128166386564560596,hm,0,Read,632197120,4096,11278
128166386564561816,hm,0,Read,632201216,65536,10057
128166386564562868,hm,0,Read,632692736,65536,9006
128166386564567313,hm,0,Read,630579200,8192,4561
128166386564689582,hm,0,Read,630804480,4096,38540
128166386564704009,hm,0,Read,642011136,4096,24113
128166386564711738,hm,0,Read,642015232,65536,16384
128166386564714376,hm,0,Read,644792320,12288,13747
128166386564718989,hm,0,Read,630808576,65536,9133
128166386564719523,hm,0,Read,632987648,65536,8600
128166386564836497,hm,0,Read,641880064,12288,47875
128166386564836700,hm,0,Read,641519616,4096,47672
128166386564867972,hm,0,Read,641523712,65536,16399
128166386564997321,hm,0,Read,295306240,32768,43299
128166386565005888,hm,0,Read,642338816,4096,34732
128166386565030778,hm,0,Read,642342912,65536,9842
128166386565036212,hm,0,Read,11926626304,20480,4408
128166386565037432,hm,0,Read,11953983488,4096,3189
128166386565039300,hm,0,Read,11948965888,4096,1321
128166386565150826,hm,0,Read,158515200,4096,46044
128166386565154548,hm,0,Read,177148416,1024,42322
128166386565157785,hm,0,Read,776830976,4096,39085
128166386565160059,hm,0,Read,177099776,29184,36811
128166386565188621,hm,0,Read,158520320,32768,8248
128166386565191883,hm,0,Read,158516224,4096,4987
128166386565289128,hm,0,Read,2625302528,4096,63990
128166386565322715,hm,0,Read,776897536,31232,30403
128166386565330836,hm,0,Read,776947712,4096,22282
128166386565347016,hm,0,Read,776832000,32768,6102
128166386565454125,hm,0,Read,687453184,32768,55243
128166386565472815,hm,0,Read,19506176,5632,36553
128166386565478845,hm,0,Read,2625298432,4096,30522
128166386565479374,hm,0,Read,687646720,2048,29994
128166386565504333,hm,0,Read,19512320,1024,5035
128166386565607301,hm,0,Read,776864768,32768,58316
128166386565624212,hm,0,Read,687604736,31744,41405
128166386565626358,hm,0,Read,687379456,32768,39259
128166386565660797,hm,0,Read,776932864,14848,4820
128166386565660986,hm,0,Read,177133056,15360,4631
128166386565661385,hm,0,Read,687636480,10240,4231
128166386565661738,hm,0,Read,776928768,4096,3879
128166386565661935,hm,0,Read,19511808,512,3682
128166386565776738,hm,0,Read,177067008,32768,45127
128166386565777020,hm,0,Read,158553088,32768,44845
128166386565783019,hm,0,Read,177955840,32768,38847
128166386565815354,hm,0,Read,687412224,32768,6512
128166386565818026,hm,0,Read,177128960,4096,3839
128166386565917622,hm,0,Read,687539200,32768,60493
128166386565930336,hm,0,Read,177942528,13312,47779
128166386565961626,hm,0,Read,687506432,32768,16488
128166386565971618,hm,0,Read,687571968,32768,6497
128166386565973450,hm,0,Read,158594048,7168,4665
128166386566067327,hm,0,Read,152137728,12288,67037
128166386566106743,hm,0,Read,57958400,4096,27621
128166386566114609,hm,0,Read,295179264,16384,19754
128166386566117552,hm,0,Read,295273472,32768,16811
128166386566126834,hm,0,Read,177996800,32768,7529
128166386566128397,hm,0,Read,295339008,32768,5967
128166386566129244,hm,0,Read,57969152,1024,5119
128166386566130222,hm,0,Read,57959424,9216,4142
128166386566130244,hm,0,Read,177988608,8192,4120
128166386566130988,hm,0,Read,57968640,512,3376
128166386567279056,hm,0,Read,11947511808,4096,105300
128166386567380169,hm,0,Read,11953979392,4096,4187
128166386567381244,hm,0,Read,11947515904,4096,3111
128166386567381280,hm,0,Read,11953393664,4096,3076
128166386567495477,hm,0,Read,11953836032,4096,45127
128166386567516392,hm,0,Read,11953397760,4096,24212
128166386567521146,hm,0,Read,11946393600,4096,19458
128166386567527849,hm,0,Read,11946598400,4096,12755
128166386567537311,hm,0,Read,11953356800,4096,3293
128166386567537406,hm,0,Read,11947266048,4096,3198
128166386567537509,hm,0,Read,11946594304,4096,3096
128166386567537563,hm,0,Read,11953360896,4096,3042
128166386567537599,hm,0,Read,11946602496,4096,3006
128166386567537604,hm,0,Read,11953401856,4096,3000
128166386567537643,hm,0,Read,11946397696,4096,2961
128166386567537651,hm,0,Read,11953840128,4096,2953
128166386567693269,hm,0,Read,11954331648,4096,3584
128166386567693389,hm,0,Read,11953414144,8192,3464
128166386567693614,hm,0,Read,11953848320,4096,3239
128166386567693649,hm,0,Read,11954057216,4096,3205
128166386567693669,hm,0,Read,11953410048,4096,3184
128166386567693750,hm,0,Read,11953999872,4096,3104
128166386567693756,hm,0,Read,11953352704,4096,3098
128166386567693819,hm,0,Read,11954061312,4096,3034
128166386567693847,hm,0,Read,11953852416,4096,3007
128166386567754760,hm,0,Read,11954380800,12288,98342
128166386567825770,hm,0,Read,11946545152,4096,27332
128166386567849449,hm,0,Read,11946262528,4096,3654
128166386567849604,hm,0,Read,11946549248,4096,3499
128166372003061629,rsrch,0,Read,7014609920,24576,41286
128166372016382155,rsrch,0,Write,1317441536,8192,1963
128166372026382245,rsrch,0,Write,2436440064,4096,1835
128166372036348580,rsrch,0,Write,3196526592,57344,35436
128166372036379390,rsrch,0,Write,3154132992,4096,4626
128166372036382264,rsrch,0,Write,3154124800,4096,1752
128166372053100669,rsrch,0,Write,7609925632,10240,2053
128166372053101032,rsrch,0,Write,15282630656,16384,1691
128166372053101054,rsrch,0,Write,7612473344,16384,1668
128166372053101076,rsrch,0,Write,15282630656,16384,1647
128166372053101086,rsrch,0,Write,7612456960,16384,1637
128166372053101168,rsrch,0,Write,7471816704,512,1554
128166372053101274,rsrch,0,Write,3299819520,4096,1448
128166372053101337,rsrch,0,Write,3154132992,4096,1386
128166372053101414,rsrch,0,Write,3154137088,4096,1309
128166372053101494,rsrch,0,Write,1278550016,4096,1229
128166372053101496,rsrch,0,Write,3221348352,4096,1227
128166372053101545,rsrch,0,Write,15282630656,4096,1177
128166372053101573,rsrch,0,Write,7471822848,4096,1149
128166372053101588,rsrch,0,Write,3154132992,4096,1134
128166372053101594,rsrch,0,Write,7471818752,4096,1129
128166372053101605,rsrch,0,Write,1278550016,4096,1118
128166372053101605,rsrch,0,Write,3227922432,4096,1118
128166372053101605,rsrch,0,Write,7471826944,2048,1117
128166372053101613,rsrch,0,Write,3221348352,4096,1110
128166372053101616,rsrch,0,Write,1278550016,4096,1106
128166372053101620,rsrch,0,Write,3154137088,4096,1102
128166372053101678,rsrch,0,Write,7471817216,1536,1044
128166372053101736,rsrch,0,Write,7471816704,512,987
128166372066382109,rsrch,0,Write,3154137088,4096,1817
128166372066382763,rsrch,0,Write,1278550016,4096,1163
128166372086382016,rsrch,0,Write,3221245952,4096,1845
128166372092163363,rsrch,0,Write,1696583680,4096,1737
128166372092163934,rsrch,0,Write,1696583680,4608,1167
128166372092163985,rsrch,0,Write,3154132992,4096,1116
128166372092163992,rsrch,0,Write,3154137088,4096,1109
128166372092164044,rsrch,0,Write,130662400,1536,1056
128166372092788439,rsrch,0,Write,4384391168,1536,1658
128166372092788964,rsrch,0,Write,3154132992,4096,1133
128166372092788977,rsrch,0,Write,3154137088,4096,1120
128166372092789028,rsrch,0,Write,2191953920,1536,1069
128166372092789055,rsrch,0,Write,4384391168,2048,1042
128166372092944701,rsrch,0,Write,130662400,1536,1644
128166372096381264,rsrch,0,Write,13226618880,4608,2560
128166372096381957,rsrch,0,Write,13313855488,4096,1867
128166372107788282,rsrch,0,Write,2191953920,1536,1718
128166372116381837,rsrch,0,Write,14068207616,8192,1897
128166372116382396,rsrch,0,Write,17827762176,8192,1338
128166372120443310,rsrch,0,Write,7818829824,4096,2923
128166372120443549,rsrch,0,Write,7818829824,4096,2685
128166372120443818,rsrch,0,Write,13200961536,16384,2416
128166372120443954,rsrch,0,Write,7818776576,4096,2279
128166372120444239,rsrch,0,Write,7818776576,4096,1994
128166372120444290,rsrch,0,Write,17827762176,8192,1944
128166372120444442,rsrch,0,Write,13200961536,16384,1792
128166372120444528,rsrch,0,Write,1705521152,16384,1705
128166372120444541,rsrch,0,Write,1705521152,16384,1692
128166372120444570,rsrch,0,Write,7852126208,4096,1663
128166372120444598,rsrch,0,Write,596987904,8192,1635
128166372120444654,rsrch,0,Write,3154137088,4096,1580
128166372120444809,rsrch,0,Write,2129981440,8192,1424
128166372120444854,rsrch,0,Write,7852126208,4096,1379
128166372120444881,rsrch,0,Write,2129981440,8192,1353
128166372120444882,rsrch,0,Write,596987904,8192,1352
128166372120444900,rsrch,0,Write,17827762176,8192,1334
128166372120444927,rsrch,0,Write,3154132992,4096,1306
128166372120444944,rsrch,0,Write,3154137088,4096,1289
128166372120444979,rsrch,0,Write,3196583936,4096,1254
128166372120445038,rsrch,0,Write,3154132992,4096,1196
128166372126381952,rsrch,0,Write,7774507008,1536,1743
128166372136380479,rsrch,0,Write,3196588032,53248,3190
128166372136381859,rsrch,0,Write,1317445632,4096,1811
128166372136382444,rsrch,0,Write,3154132992,4096,1226
128166372136382496,rsrch,0,Write,3154128896,4096,1174
128166372146381764,rsrch,0,Write,3229667328,4096,1868
128166372146382260,rsrch,0,Write,3225837568,8192,1372
128166372146382319,rsrch,0,Write,6216929280,8192,1313
128166372146382402,rsrch,0,Write,3221536768,4096,1229
128166372146382421,rsrch,0,Write,3243233280,4096,1210
128166372146382426,rsrch,0,Write,3252572160,4096,1206
128166372146382436,rsrch,0,Write,3228045312,4096,1196
128166372146382444,rsrch,0,Write,3276070912,4096,1187
128166372146382457,rsrch,0,Write,3221348352,4096,1174
128166372146382463,rsrch,0,Write,3276083200,4096,1168
128166372146382466,rsrch,0,Write,3302887424,4096,1166
128166372146382466,rsrch,0,Write,3154137088,4096,1166
128166372146382467,rsrch,0,Write,3299819520,4096,1165
128166372146382467,rsrch,0,Write,3276443648,4096,1164
128166372156381749,rsrch,0,Write,8328900608,4096,1857
128166372156382421,rsrch,0,Write,11049758720,4096,1185
128166372186379873,rsrch,0,Write,3196641280,49152,3605
128166372186382289,rsrch,0,Write,3154132992,4096,1189
128166372186382312,rsrch,0,Write,3154124800,4096,1165
128166372187318746,rsrch,0,Write,8587796480,16384,2231
128166372187319023,rsrch,0,Write,8597577728,16384,1955
128166372187319163,rsrch,0,Write,8587796480,16384,1814
128166372187319310,rsrch,0,Write,8588992512,16384,1668
128166372187319328,rsrch,0,Write,8598085632,16384,1650
128166372187319329,rsrch,0,Write,3154132992,4096,1649
128166372187319423,rsrch,0,Write,7478116352,512,1555
128166372187319653,rsrch,0,Write,3196690432,4096,1324
128166372187319669,rsrch,0,Write,3154137088,4096,1308
128166372187319695,rsrch,0,Write,7478116864,7680,1282
128166372187319764,rsrch,0,Write,3154132992,4096,1213
128166372187319856,rsrch,0,Write,7478124544,4096,1122
128166372187319860,rsrch,0,Write,8587796480,4096,1117
128166372187319873,rsrch,0,Write,3154137088,4096,1104
128166372187319889,rsrch,0,Write,7478128640,4096,1089
128166372187319889,rsrch,0,Write,7478132736,4096,1089
128166372187319896,rsrch,0,Write,7478136832,4096,1081
128166372187319914,rsrch,0,Write,7478116352,512,1064
128166372195443373,rsrch,0,Write,15645843456,4096,2573
128166372195443409,rsrch,0,Write,15645843456,4096,2536
128166372195443932,rsrch,0,Write,791154688,8192,2014
128166372195444018,rsrch,0,Write,15123931136,4096,1928
128166372195444043,rsrch,0,Write,15123931136,4096,1902
128166372195444229,rsrch,0,Write,142782464,8192,1717
128166372195444364,rsrch,0,Write,2059427840,8192,1581
128166372195444550,rsrch,0,Write,3154137088,4096,1396
128166372195444586,rsrch,0,Write,3154132992,4096,1359
128166372195444595,rsrch,0,Write,2059427840,8192,1351
128166372195444595,rsrch,0,Write,142782464,8192,1351
128166372195444596,rsrch,0,Write,791154688,8192,1350
128166372195444620,rsrch,0,Write,14759608320,4096,1325
128166372195444633,rsrch,0,Write,14759608320,4096,1313
128166372195444641,rsrch,0,Write,3154137088,4096,1305
128166372195444763,rsrch,0,Write,3154132992,4096,1182
128166372236381485,rsrch,0,Write,957792256,4096,1827
128166372236382124,rsrch,0,Write,971689984,4096,1187
128166372236382151,rsrch,0,Write,1188769792,4096,1160
128166372286379590,rsrch,0,Write,3196694528,49152,3530
128166372286382010,rsrch,0,Write,3154137088,4096,1110
128166372286382014,rsrch,0,Write,3154128896,4096,1106
128166372306381343,rsrch,0,Write,5271453696,4096,1712
128166372306381960,rsrch,0,Write,7475691520,4096,1095
128166372306381967,rsrch,0,Write,7465963520,4096,1089
128166372326381292,rsrch,0,Write,1278550016,4096,1699
128166372336379468,rsrch,0,Write,3196743680,49152,3459
128166372336381812,rsrch,0,Write,3154132992,4096,1115
128166372336381820,rsrch,0,Write,3154124800,4096,1108
128166372366381161,rsrch,0,Write,3299819520,4096,1677
128166372366381588,rsrch,0,Write,6216929280,8192,1250
128166372366381729,rsrch,0,Write,3228045312,4096,1109
128166372366381758,rsrch,0,Write,3302887424,4096,1079
128166372386379329,rsrch,0,Write,3196792832,49152,3445
128166372386381662,rsrch,0,Write,3154137088,4096,1111
128166372386381674,rsrch,0,Write,3154128896,4096,1100
128166372420754667,rsrch,0,Write,7818829824,4096,2976
128166372420754847,rsrch,0,Write,7818829824,4096,2796
128166372420755252,rsrch,0,Write,1705504768,16384,2392
128166372420755299,rsrch,0,Write,7818776576,4096,2345
128166372420755574,rsrch,0,Write,7818776576,4096,2070
128166372420755841,rsrch,0,Write,13200945152,16384,1803
128166372420755897,rsrch,0,Write,7852126208,4096,1746
128166372420755949,rsrch,0,Write,13200945152,16384,1694
128166372420755954,rsrch,0,Write,1705504768,16384,1690
128166372420756211,rsrch,0,Write,7852126208,4096,1432
128166372420756466,rsrch,0,Write,3154132992,4096,1178
128166372420756470,rsrch,0,Write,3154137088,4096,1174
128166372420756473,rsrch,0,Write,3154132992,4096,1170
128166372420756478,rsrch,0,Write,3154137088,4096,1165
128166372447630500,rsrch,0,Write,8762929152,6656,2036
128166372447630568,rsrch,0,Write,15810412544,1536,1968
128166372447631357,rsrch,0,Write,3196841984,4096,1179
128166372447631366,rsrch,0,Write,3154132992,4096,1170
128166372447631381,rsrch,0,Write,3154137088,4096,1154
128166372447631415,rsrch,0,Write,8762933248,3072,1120
128166372447631428,rsrch,0,Write,371318784,1536,1107
128166372450755550,rsrch,0,Write,1782112256,6144,1968
128166372454818123,rsrch,0,Write,3154132992,4096,1894
128166372454818284,rsrch,0,Write,2617413632,3584,1733
128166372454818398,rsrch,0,Write,3196846080,16384,1619
128166372454818618,rsrch,0,Write,3196866560,4096,1400
128166372454818717,rsrch,0,Write,2617413632,5632,1300
128166372454818729,rsrch,0,Write,4382728192,4096,1289
128166372454818732,rsrch,0,Write,3196862464,4096,1285
128166372454818842,rsrch,0,Write,3154132992,4096,1175
128166372454818843,rsrch,0,Write,3154137088,4096,1175
128166372454818856,rsrch,0,Write,3154137088,4096,1161
128166372454818860,rsrch,0,Write,131674112,1536,1158
128166372454974592,rsrch,0,Write,371318784,1536,1676
128166372458541674,rsrch,0,Read,3256299520,4096,28344
128166372460754978,rsrch,0,Write,15739637760,4096,2538
128166372460755588,rsrch,0,Write,13012344832,5120,1927
128166372463098140,rsrch,0,Read,3256307712,4096,3111
128166372464149057,rsrch,0,Read,3222528000,4096,45937
128166372466223978,rsrch,0,Write,3196870656,28672,2252
128166372466224649,rsrch,0,Write,131674112,1536,1581
128166372466225092,rsrch,0,Write,3154132992,4096,1139
128166372466647938,rsrch,0,Read,8950079488,3072,47039
128166372467100536,rsrch,0,Read,1815535616,16384,63189
128166372467125107,rsrch,0,Read,1815760896,8704,38618
128166372467156581,rsrch,0,Read,1815552000,65536,7143
128166372467299218,rsrch,0,Read,1815728128,32768,20755
128166372467311922,rsrch,0,Read,1815764992,4096,8051
128166372467315882,rsrch,0,Write,8724254720,512,4091
128166372467315980,rsrch,0,Write,3196899328,65536,3994
128166372467316213,rsrch,0,Write,3196964864,65536,3761
128166372467316247,rsrch,0,Write,8724267008,4096,3727
128166372467316403,rsrch,0,Write,13801054208,3584,3571
128166372467316434,rsrch,0,Write,3197030400,53248,3540
128166372467316435,rsrch,0,Write,8724471808,4096,3538
128166372467316674,rsrch,0,Write,1317445632,8192,3299
128166372467316707,rsrch,0,Read,1815707648,4096,3267
128166372467316766,rsrch,0,Write,7774507008,3584,3207
128166372467316800,rsrch,0,Write,8725422080,4096,3173
128166372467317075,rsrch,0,Read,1815752704,4096,2898
128166372467317151,rsrch,0,Write,8725905408,4096,2822
128166372467317466,rsrch,0,Write,15590514688,2560,2508
128166372467317704,rsrch,0,Read,1815756800,4096,2269
128166372467318147,rsrch,0,Write,1782116352,2048,1827
128166372467318788,rsrch,0,Write,14221078528,1024,1186
128166372467380599,rsrch,0,Read,1815539712,32768,95624
128166372467667983,rsrch,0,Read,1815760896,4096,120738
128166372467701193,rsrch,0,Read,1815695360,32768,87527
128166372467763860,rsrch,0,Read,1815572480,32768,24860
128166372467904778,rsrch,0,Read,1815658496,32768,40191
128166372468191256,rsrch,0,Read,1815625728,32768,66212
128166372468512904,rsrch,0,Read,16919437312,16384,57062
128166372468562349,rsrch,0,Read,16919453696,49664,7617
128166372468717482,rsrch,0,Read,1815605248,20480,8732
128166372470753203,rsrch,0,Write,3197083648,65536,4251
128166372470754133,rsrch,0,Write,3197149184,53248,3320
128166372470756196,rsrch,0,Write,3197202432,4096,1258
128166372470756252,rsrch,0,Write,3154124800,4096,1201
128166372471466988,rsrch,0,Read,16081241600,4096,71715
128166372471488600,rsrch,0,Read,16081483264,20480,50104
128166372471514280,rsrch,0,Read,16081663488,4096,24423
128166372471516230,rsrch,0,Read,16081507840,16384,22474
128166372471535012,rsrch,0,Read,16081249792,4096,3691
128166372471658071,rsrch,0,Read,16082584576,1024,36883
128166372472315955,rsrch,0,Write,3197206528,65536,3998
128166372472316439,rsrch,0,Write,3197272064,65536,3515
128166372472316505,rsrch,0,Write,3197337600,65536,3449
128166372472318020,rsrch,0,Write,3197403136,24576,1933
128166372472318823,rsrch,0,Write,3154137088,4096,1130
128166372473503710,rsrch,0,Read,6800953344,8704,66243
128166372473540821,rsrch,0,Read,6800719872,16384,29132
128166372473563102,rsrch,0,Read,6800736256,65536,6852
128166372473566749,rsrch,0,Read,6800920576,4096,3205
128166372473567061,rsrch,0,Read,6800945152,4096,2892
128166372473664890,rsrch,0,Read,6800920576,32768,61314
128166372473720332,rsrch,0,Write,6229856256,3072,5871
128166372473721155,rsrch,0,Write,6228987904,4096,5048
128166372473721843,rsrch,0,Write,4905697280,4096,4361
128166372473722465,rsrch,0,Write,4451401728,4096,3739
128166372473723117,rsrch,0,Read,6800957440,4096,3087
128166372473723198,rsrch,0,Write,4382859264,4096,3005
128166372473723824,rsrch,0,Write,4382851072,4096,2380
128166372473724086,rsrch,0,Write,15590514688,3072,2118
128166372473724432,rsrch,0,Write,4382851072,4096,1771
128166372473724438,rsrch,0,Write,8724254720,1024,1766
128166372473781603,rsrch,0,Read,6800723968,32768,100850
128166372474034580,rsrch,0,Read,6800953344,4096,4124
128166372474109209,rsrch,0,Read,6800756736,32768,85744
128166372474190007,rsrch,0,Read,6800834560,32768,4946
128166372474346116,rsrch,0,Read,6800883712,32768,5088
128166372474346298,rsrch,0,Read,6800801792,32768,4906
128166372474347577,rsrch,0,Read,6800867328,16384,3626
128166372474616459,rsrch,0,Read,7036190720,16384,47245
128166372474652588,rsrch,0,Read,7036207104,65536,11115
128166372474765905,rsrch,0,Read,7036522496,8192,54049
128166372474816464,rsrch,0,Read,7036272640,8192,3489
128166372474928587,rsrch,0,Read,7036280832,16384,47617
128166372474944274,rsrch,0,Read,7036321792,65536,31929
128166372474968615,rsrch,0,Read,7036313600,8192,7588
128166372474968868,rsrch,0,Read,7036387328,65536,7335
128166372474973140,rsrch,0,Read,7036297216,8192,3064
128166372474973172,rsrch,0,Read,7036305408,8192,3031
128166372475125634,rsrch,0,Read,7036452864,65536,6819
128166372475130118,rsrch,0,Read,7036518400,4096,2335
128166372475255551,rsrch,0,Read,6800789504,12288,33153
128166372475285846,rsrch,0,Read,6800916480,4096,2857
128166372483724120,rsrch,0,Write,15590514688,3584,2062
128166372483724256,rsrch,0,Write,17674240,2560,1926
128166372483725013,rsrch,0,Write,17674240,2560,1169
128166372487090319,rsrch,0,Read,5059264512,32768,73341
128166372487114995,rsrch,0,Read,5060493312,32768,48666
128166372493719327,rsrch,0,Write,238960640,4096,6791
128166372493719732,rsrch,0,Write,830296064,4096,6386
128166372493719763,rsrch,0,Write,458256384,4096,6355
128166372493719998,rsrch,0,Write,224620544,4096,6121
128166372493720400,rsrch,0,Write,820047872,4096,5718
128166372493720435,rsrch,0,Write,418369536,4096,5684
128166372493720654,rsrch,0,Write,200331264,4096,5464
128166372493721083,rsrch,0,Write,657121280,4096,5036
128166372493721118,rsrch,0,Write,416247808,4096,5000
128166372493721326,rsrch,0,Write,198041600,4096,4793
128166372493721768,rsrch,0,Write,655163392,4096,4351
128166372493721794,rsrch,0,Write,387624960,4096,4324
128166372493721998,rsrch,0,Write,131674112,4096,4121
128166372493722444,rsrch,0,Write,588488704,4096,3674
128166372493722464,rsrch,0,Write,366628864,4096,3654
128166372493722645,rsrch,0,Write,124387328,4096,3473
128166372493723122,rsrch,0,Write,496078848,4096,2996
128166372493723130,rsrch,0,Write,316841984,4096,2989
128166372493723304,rsrch,0,Write,61812736,4096,2815
128166372493723800,rsrch,0,Write,291766272,4096,2319
128166372493723808,rsrch,0,Write,17674240,4096,2310
128166372493723812,rsrch,0,Write,495009792,4096,2307
128166372493724395,rsrch,0,Write,290537472,4096,1723
128166372493724491,rsrch,0,Write,484114432,4096,1628
128166372493725003,rsrch,0,Write,871555072,3072,1115
128166372495906554,rsrch,0,Write,3198607360,65536,7050
128166372495907554,rsrch,0,Write,3198672896,65536,6050
128166372495908397,rsrch,0,Write,3197952000,65536,5207
128166372495909408,rsrch,0,Write,3197427712,65536,4196
128166372495909487,rsrch,0,Write,3197886464,65536,4117
128166372495909813,rsrch,0,Write,3198476288,65536,3792
128166372495909855,rsrch,0,Write,3198541824,65536,3750
128166372495909993,rsrch,0,Write,3197689856,65536,3611
128166372495910032,rsrch,0,Write,3197820928,65536,3573
128166372495910045,rsrch,0,Write,3198869504,65536,3559
128166372495910056,rsrch,0,Write,3198214144,65536,3548
128166372495910062,rsrch,0,Write,3198738432,65536,3543
128166372495910064,rsrch,0,Write,3198279680,65536,3540
128166372495910069,rsrch,0,Write,3197624320,65536,3536
128166372495910071,rsrch,0,Write,3197558784,65536,3534
128166372495910075,rsrch,0,Write,3197755392,65536,3530
128166372495910079,rsrch,0,Write,3197493248,65536,3525
128166372495910082,rsrch,0,Write,3198803968,65536,3523
128166372495910085,rsrch,0,Write,3198410752,65536,3519
128166372495910088,rsrch,0,Write,3198345216,65536,3517
128166372495910095,rsrch,0,Write,3198017536,65536,3510
128166372495910098,rsrch,0,Write,3198083072,65536,3507
128166372495910116,rsrch,0,Write,3198148608,65536,3489
128166372495912373,rsrch,0,Write,3198935040,4096,1231
128166372495912386,rsrch,0,Write,3154132992,4096,1218
128166372497880801,rsrch,0,Read,13114875904,512,64041
128166372497935848,rsrch,0,Write,1663225856,1536,8993
128166372497936430,rsrch,0,Write,1576644608,4096,8412
128166372497937280,rsrch,0,Write,1471352832,4096,7562
128166372497937829,rsrch,0,Write,1439383552,4096,7012
128166372497938491,rsrch,0,Write,1415827456,4096,6350
128166372497939138,rsrch,0,Write,1226686464,4096,5703
128166372497939778,rsrch,0,Write,967213056,4096,5063
128166372497940412,rsrch,0,Write,952684544,4096,4430
128166372497940876,rsrch,0,Write,871555072,4096,3966
128166372497941505,rsrch,0,Write,8724254720,1536,3336
128166372497942200,rsrch,0,Write,15590514688,4096,2641
128166372497943412,rsrch,0,Write,1250234368,4096,1430
128166372498364053,rsrch,0,Read,7038923776,12288,49535
128166372498533786,rsrch,0,Read,2158489600,16384,36051
128166372498562724,rsrch,0,Read,2158505984,65536,7114
128166372498652313,rsrch,0,Read,2158718976,8704,73773
128166372498720247,rsrch,0,Write,1586245632,61440,5839
128166372498720254,rsrch,0,Write,2617356288,61440,5832
128166372498723035,rsrch,0,Read,2158723072,4096,3051
128166372498723041,rsrch,0,Read,2158690304,4096,3046
128166372498723262,rsrch,0,Read,2158714880,4096,2825
128166372498723639,rsrch,0,Write,6229856256,4096,2448
128166372498724112,rsrch,0,Write,15590514688,5120,1974
128166372498724210,rsrch,0,Write,2617417728,4096,1876
128166372498797767,rsrch,0,Read,2158686208,32768,84569
128166372498927823,rsrch,0,Read,2158493696,32768,110762
128166372499033823,rsrch,0,Read,2158526464,32768,4762
128166372499035529,rsrch,0,Read,2158718976,4096,3055
128166372499189932,rsrch,0,Read,2158604288,32768,4901
128166372499346030,rsrch,0,Read,2158653440,32768,5053
128166372499346213,rsrch,0,Read,2158571520,32768,4870
128166372499347491,rsrch,0,Read,2158637056,16384,3592
128166372499608864,rsrch,0,Read,306520064,16384,54717
128166372499656706,rsrch,0,Read,306536448,65536,6875
128166372499767649,rsrch,0,Read,306638848,5632,52180
128166372499816512,rsrch,0,Read,306610176,16384,3317
128166372499816977,rsrch,0,Read,306601984,8192,2852
128166372499972523,rsrch,0,Read,2158559232,12288,3555
128166372499973167,rsrch,0,Read,306626560,12288,2912
128166372507628036,rsrch,0,Write,3198939136,65536,4289
128166372507628412,rsrch,0,Write,3199397888,65536,3914
128166372507628711,rsrch,0,Write,3199201280,65536,3614
128166372507628718,rsrch,0,Write,3199070208,65536,3607
128166372507628770,rsrch,0,Write,3199135744,65536,3555
128166372507628792,rsrch,0,Write,3199004672,65536,3533
128166372507628797,rsrch,0,Write,3199332352,65536,3528
128166372507628803,rsrch,0,Write,3199266816,65536,3523
128166372507629645,rsrch,0,Write,3199463424,40960,2681
128166372507631099,rsrch,0,Write,3154137088,4096,1227
128166372508718871,rsrch,0,Write,6979018752,4096,7204
128166372508719537,rsrch,0,Write,6944677888,4096,6538
128166372508720213,rsrch,0,Write,6941290496,4096,5863
128166372508720901,rsrch,0,Write,6266712064,4096,5175
128166372508721573,rsrch,0,Write,6230740992,4096,4502
128166372508722233,rsrch,0,Write,2838929408,4096,3842
128166372508722597,rsrch,0,Write,15590518784,1536,3478
128166372508722750,rsrch,0,Write,8724254720,1536,3326
128166372508722909,rsrch,0,Write,1976492032,4096,3166
128166372508723479,rsrch,0,Write,7006212096,3584,2596
128166372508723530,rsrch,0,Write,1683603456,4096,2546
128166372508723993,rsrch,0,Write,1586307072,512,2083
128166372508724135,rsrch,0,Write,6998786048,4096,1941
128166372508724760,rsrch,0,Write,6981337088,4096,1315
128166372508724972,rsrch,0,Write,1683603456,4096,1104
128166372510103676,rsrch,0,Read,1956425728,16384,28649
128166372510122245,rsrch,0,Read,1956442112,58368,10080
128166372517626982,rsrch,0,Write,3200028672,65536,5297
128166372517627739,rsrch,0,Write,3199963136,65536,4540
128166372517628052,rsrch,0,Write,3199504384,65536,4227
128166372517628724,rsrch,0,Write,3199766528,65536,3556
128166372517628735,rsrch,0,Write,3200290816,65536,3545
128166372517628747,rsrch,0,Write,3199635456,65536,3533
128166372517628767,rsrch,0,Write,3200094208,65536,3512
128166372517628767,rsrch,0,Write,3199897600,65536,3513
128166372517628769,rsrch,0,Write,3200159744,65536,3511
128166372517628773,rsrch,0,Write,3199700992,65536,3506
128166372517628777,rsrch,0,Write,3199569920,65536,3502
128166372517628783,rsrch,0,Write,3199832064,65536,3497
128166372517628788,rsrch,0,Write,3200225280,65536,3492
128166372517784905,rsrch,0,Write,3200552960,65536,3623
128166372517784986,rsrch,0,Write,3200684032,65536,3543
128166372517785004,rsrch,0,Write,3200618496,65536,3524
128166372517785005,rsrch,0,Write,3200356352,65536,3524
128166372517785019,rsrch,0,Write,3200421888,65536,3510
128166372517785027,rsrch,0,Write,3200487424,65536,3502
128166372517787294,rsrch,0,Write,3200749568,4096,1234
128166372517787307,rsrch,0,Write,3154132992,4096,1221
128166372518716419,rsrch,0,Write,7164018688,4096,9604
128166372518717083,rsrch,0,Write,7163342848,4096,8940
128166372518717754,rsrch,0,Write,7123255296,4096,8268
128166372518718446,rsrch,0,Write,7123243008,4096,7576
128166372518719131,rsrch,0,Write,7123120128,4096,6891
128166372518719578,rsrch,0,Write,7211565056,4096,6445
128166372518719676,rsrch,0,Write,7570984960,4096,6346
128166372518719812,rsrch,0,Write,7117914112,4096,6211
128166372518720105,rsrch,0,Write,1650688000,40448,5918
128166372518720258,rsrch,0,Write,7207059456,4096,5764
128166372518720345,rsrch,0,Write,7570968576,4096,5677
128166372518720479,rsrch,0,Write,7117905920,4096,5544
128166372518720931,rsrch,0,Write,7204081664,4096,5091
128166372518721017,rsrch,0,Write,7499804672,4096,5006
128166372518721080,rsrch,0,Write,7117897728,4096,4943
128166372518721614,rsrch,0,Write,7201177600,4096,4409
128166372518721715,rsrch,0,Write,7459958784,4096,4307
128166372518722316,rsrch,0,Write,7201165312,4096,3707
128166372518722405,rsrch,0,Write,7459184640,4096,3618
128166372518722408,rsrch,0,Write,8724254720,2048,3615
128166372518722443,rsrch,0,Write,15590518784,3072,3580
128166372518722755,rsrch,0,Write,7571234816,512,3267
128166372518723012,rsrch,0,Write,7201144832,4096,3011
128166372518723096,rsrch,0,Write,7445524480,4096,2927
128166372518723310,rsrch,0,Write,7571222528,4096,2712
128166372518723686,rsrch,0,Write,1586307072,4096,2337
128166372518723715,rsrch,0,Write,7165046784,4096,2308
128166372518723736,rsrch,0,Write,7445516288,4096,2287
128166372518724001,rsrch,0,Write,7571202048,4096,2022
128166372518724364,rsrch,0,Write,7165026304,4096,1658
128166372518724394,rsrch,0,Write,7246299136,4096,1629
128166372518724686,rsrch,0,Write,7571189760,4096,1337
128166372518724922,rsrch,0,Write,7117897728,4096,1100
128166372519915518,rsrch,0,Read,8942546944,4096,60497
128166372520282723,rsrch,0,Write,16857980928,61440,5790
128166372520284671,rsrch,0,Write,17268695040,36352,3842
128166372520285858,rsrch,0,Write,15590518784,4096,2654
128166372520286626,rsrch,0,Write,1650724864,4096,1887
128166372520286722,rsrch,0,Write,16858042368,12288,1791
128166372520755545,rsrch,0,Write,6216929280,4096,1716
128166372521846609,rsrch,0,Write,8695087104,512,4402
128166372521846789,rsrch,0,Write,8724254720,4096,4222
128166372521847165,rsrch,0,Write,3200753664,65536,3847
128166372521847645,rsrch,0,Write,3228082176,4096,3366
128166372521847658,rsrch,0,Write,17827762176,8192,3354
128166372521848024,rsrch,0,Write,7616421888,1024,2988
128166372521848366,rsrch,0,Write,15590518784,6144,2646
128166372521849613,rsrch,0,Write,3228151808,4096,1399
128166372521849743,rsrch,0,Write,3229741056,4096,1269
128166372521849759,rsrch,0,Write,3229790208,4096,1252
128166372521849773,rsrch,0,Write,3230003200,4096,1238
128166372521849775,rsrch,0,Write,3230269440,4096,1237
128166372521849777,rsrch,0,Write,3230203904,4096,1235
128166372521849805,rsrch,0,Write,3229863936,4096,1207
128166372521849835,rsrch,0,Write,3229929472,4096,1176
128166372524814641,rsrch,0,Write,13329637376,40960,5120
128166372524814825,rsrch,0,Write,13329637376,40960,4936
128166372524815106,rsrch,0,Write,15641939968,49152,4655
128166372524815219,rsrch,0,Write,3200819200,65536,4542
128166372524815299,rsrch,0,Write,15641939968,49152,4463
128166372524815595,rsrch,0,Write,15641989120,65536,4166
128166372524815625,rsrch,0,Write,3200884736,36864,4137
128166372524815730,rsrch,0,Write,15641989120,65536,4032
128166372524816252,rsrch,0,Write,16148942848,24576,3509
128166372524816436,rsrch,0,Write,16148942848,24576,3325
128166372524817040,rsrch,0,Write,13003689984,8192,2721
128166372524817138,rsrch,0,Write,13003689984,8192,2624
128166372524817219,rsrch,0,Write,15645843456,4096,2542
128166372524817271,rsrch,0,Write,15645843456,4096,2490
128166372524817728,rsrch,0,Write,3154137088,4096,2034
128166372524817781,rsrch,0,Write,14068207616,8192,1980
128166372524817822,rsrch,0,Write,1705521152,16384,1939
128166372524817838,rsrch,0,Write,15642054656,16384,1924
128166372524817844,rsrch,0,Write,15123931136,4096,1917
128166372524817864,rsrch,0,Write,13200961536,16384,1897
128166372524817893,rsrch,0,Write,15123931136,4096,1868
128166372524817896,rsrch,0,Write,13200961536,16384,1866
128166372524817930,rsrch,0,Write,1705521152,16384,1832
128166372524817949,rsrch,0,Write,15642054656,16384,1813
128166372524817967,rsrch,0,Write,13329678336,16384,1795
128166372524818033,rsrch,0,Write,3154132992,4096,1729
128166372524818068,rsrch,0,Write,13329678336,16384,1693
128166372524818134,rsrch,0,Write,596987904,8192,1628
128166372524818376,rsrch,0,Write,2129981440,8192,1385
128166372524818378,rsrch,0,Write,14068207616,8192,1383
128166372524818405,rsrch,0,Write,2129981440,8192,1357
128166372524818408,rsrch,0,Write,596987904,8192,1354
128166372524818463,rsrch,0,Write,14759608320,4096,1299
128166372524818469,rsrch,0,Write,14759608320,4096,1292
128166372524818578,rsrch,0,Write,3154132992,4096,1183
128166372524818590,rsrch,0,Write,3154137088,4096,1172
128166372525911100,rsrch,0,Write,3200921600,20480,2412
128166372525912281,rsrch,0,Write,3154132992,4096,1230
128166372525912285,rsrch,0,Write,3200942080,4096,1226
128166372525912329,rsrch,0,Write,3154137088,4096,1183
128166372525912348,rsrch,0,Write,3154137088,4096,1163
128166372525912358,rsrch,0,Write,3154132992,4096,1153
128166372525912397,rsrch,0,Write,7615713280,3072,1115
128166372525912397,rsrch,0,Write,7615713280,1024,1114
128166372525912474,rsrch,0,Write,4382728192,1536,1037
128166372531842324,rsrch,0,Write,3230425088,4096,8678
128166372531842466,rsrch,0,Write,8695087104,4096,8536
128166372531842738,rsrch,0,Write,7774507008,5632,8265
128166372531843248,rsrch,0,Write,8687243264,4096,7754
128166372531844078,rsrch,0,Write,8633434112,512,6924
128166372531844630,rsrch,0,Write,8644415488,4096,6373
128166372531845059,rsrch,0,Write,7616421888,1536,5943
128166372531845233,rsrch,0,Write,13012348928,2560,5769
128166372531845327,rsrch,0,Write,5016526848,65536,5675
128166372531848631,rsrch,0,Write,15590522880,4096,2371
128166372531849663,rsrch,0,Write,3230453760,8192,1340
128166372531849763,rsrch,0,Write,3230433280,4096,1239
128166372531849832,rsrch,0,Write,3231391744,4096,1170
128166372531849835,rsrch,0,Write,3230502912,4096,1168
128166372531849837,rsrch,0,Write,3238289408,4096,1166
128166372531849839,rsrch,0,Write,3231375360,4096,1163
128166372531849840,rsrch,0,Write,3239383040,4096,1163
128166372537161798,rsrch,0,Write,4382728192,1536,1670
128166372541845097,rsrch,0,Write,3239645184,8192,5851
128166372541845994,rsrch,0,Write,5016592384,65536,4953
128166372541849035,rsrch,0,Write,3256291328,24576,1913
128166372541849458,rsrch,0,Write,3243016192,12288,1489
128166372541849796,rsrch,0,Write,3255504896,4096,1152
128166372541849842,rsrch,0,Write,3255611392,4096,1106
128166372570752942,rsrch,0,Write,3200946176,65536,4128
128166372570755921,rsrch,0,Write,3154128896,4096,1148
128166372570755956,rsrch,0,Write,3154137088,4096,1113
128166372585910968,rsrch,0,Write,621047808,16384,2316
128166372585910988,rsrch,0,Write,8696414208,16384,2296
128166372585911146,rsrch,0,Write,3137495040,16384,2138
128166372585911161,rsrch,0,Write,8598986752,16384,2123
128166372585911177,rsrch,0,Write,8587796480,16384,2107
128166372585911559,rsrch,0,Write,621211648,16384,1726
128166372585911560,rsrch,0,Write,409673728,16384,1725
128166372585911562,rsrch,0,Write,8596414464,16384,1723
128166372585911568,rsrch,0,Write,16867307520,16384,1716
128166372585911597,rsrch,0,Write,16867291136,16384,1687
128166372585911615,rsrch,0,Write,621047808,16384,1669
128166372585911630,rsrch,0,Write,7478718464,512,1654
128166372585911636,rsrch,0,Write,7466500096,1024,1649
128166372585911637,rsrch,0,Write,8587796480,16384,1647
128166372585911658,rsrch,0,Write,7499489280,1024,1627
128166372585911692,rsrch,0,Write,7478116352,512,1592
128166372585911713,rsrch,0,Write,7478132736,4096,1571
128166372585911757,rsrch,0,Write,7478116864,7680,1528
128166372585911769,rsrch,0,Write,3154137088,4096,1516
128166372585911812,rsrch,0,Write,3154137088,4096,1472
128166372585911842,rsrch,0,Write,7478116352,512,1443
128166372585911883,rsrch,0,Write,7478136832,8192,1402
128166372585911930,rsrch,0,Write,7478124544,4096,1355
128166372585912004,rsrch,0,Write,7478153216,4096,1280
128166372585912021,rsrch,0,Write,3154132992,4096,1264
128166372585912102,rsrch,0,Write,3154132992,4096,1182
128166372585912119,rsrch,0,Write,7478149120,4096,1165
128166372585912153,rsrch,0,Write,3201011712,4096,1132
128166372585912165,rsrch,0,Write,621047808,4096,1119
128166372585912168,rsrch,0,Write,8587796480,4096,1117
128166372585912169,rsrch,0,Write,3154132992,4096,1115
128166372585912176,rsrch,0,Write,7478719488,3072,1108
128166372585912183,rsrch,0,Write,3154137088,4096,1101
128166372585912187,rsrch,0,Write,3154132992,4096,1098
128166372585912187,rsrch,0,Write,3154137088,4096,1097
128166372585912198,rsrch,0,Write,7466501120,3072,1086
128166372585912201,rsrch,0,Write,7478128640,4096,1084
128166372585912203,rsrch,0,Write,7499490304,4096,1081
128166372585912207,rsrch,0,Write,7478145024,4096,1078
128166372585912256,rsrch,0,Write,7478718464,512,1029
128166372585912274,rsrch,0,Write,7478718976,512,1010
128166372599816937,rsrch,0,Write,7818829824,4096,2569
128166372599816982,rsrch,0,Write,7818829824,4096,2523
128166372599817420,rsrch,0,Write,4162043904,8192,2086
128166372599817439,rsrch,0,Write,14067503104,8192,2066
128166372599817450,rsrch,0,Write,4162355200,8192,2055
128166372599817577,rsrch,0,Write,7818776576,4096,1928
128166372599817599,rsrch,0,Write,11108208640,8192,1907
128166372599817611,rsrch,0,Write,7818776576,4096,1894
128166372599817645,rsrch,0,Write,11395411968,8192,1860
128166372599817744,rsrch,0,Write,1725128704,8192,1762
128166372599817844,rsrch,0,Write,4162117632,8192,1661
128166372599817845,rsrch,0,Write,597069824,8192,1660
128166372599817861,rsrch,0,Write,15736954880,8192,1644
128166372599817894,rsrch,0,Write,1725128704,8192,1611
128166372599817896,rsrch,0,Write,15646310400,8192,1610
128166372599817914,rsrch,0,Write,2022232064,8192,1591
128166372599817936,rsrch,0,Write,1434054656,8192,1570
128166372599817945,rsrch,0,Write,9785589760,8192,1560
128166372599817958,rsrch,0,Write,3201015808,4096,1547
128166372599817990,rsrch,0,Write,10939367424,8192,1515
128166372599818017,rsrch,0,Write,597069824,8192,1488
128166372599818047,rsrch,0,Write,11395411968,8192,1458
128166372599818064,rsrch,0,Write,17827442688,8192,1442
128166372599818065,rsrch,0,Write,1444982784,8192,1440
128166372599818073,rsrch,0,Write,8647225344,8192,1433
128166372599818085,rsrch,0,Write,6691495936,8192,1421
128166372599818089,rsrch,0,Write,10939367424,8192,1417
128166372599818089,rsrch,0,Write,11108208640,8192,1416
128166372599818094,rsrch,0,Write,11108192256,8192,1411
128166372599818095,rsrch,0,Write,2455232512,8192,1410
128166372599818101,rsrch,0,Write,17827770368,8192,1405
128166372599818106,rsrch,0,Write,1566965760,8192,1400
128166372599818107,rsrch,0,Write,11359895552,8192,1399
128166372599818117,rsrch,0,Write,11108192256,8192,1389
128166372599818129,rsrch,0,Write,14067503104,8192,1377
128166372599818134,rsrch,0,Write,1444982784,8192,1371
128166372599818140,rsrch,0,Write,17827770368,8192,1365
128166372599818146,rsrch,0,Write,8647225344,8192,1360
128166372599818146,rsrch,0,Write,4162043904,8192,1360
128166372599818148,rsrch,0,Write,15646310400,8192,1358
128166372599818149,rsrch,0,Write,17827442688,8192,1357
128166372599818157,rsrch,0,Write,3057287168,8192,1349
128166372599818158,rsrch,0,Write,1434054656,8192,1347
128166372599818158,rsrch,0,Write,6691495936,8192,1347
128166372599818161,rsrch,0,Write,3057287168,8192,1344
128166372599818165,rsrch,0,Write,1566965760,8192,1341
128166372599818168,rsrch,0,Write,2022232064,8192,1338
128166372599818170,rsrch,0,Write,4162355200,8192,1336
128166372599818172,rsrch,0,Write,11359895552,8192,1333
128166372599818172,rsrch,0,Write,4162117632,8192,1333
128166372599818178,rsrch,0,Write,2455232512,8192,1328
128166372599818184,rsrch,0,Write,15736954880,8192,1322
128166372599818186,rsrch,0,Write,3154132992,4096,1319
128166372599818189,rsrch,0,Write,9785589760,8192,1316
128166372599818192,rsrch,0,Write,7852126208,4096,1314
128166372599818202,rsrch,0,Write,7852126208,4096,1303
128166372599818322,rsrch,0,Write,3154132992,4096,1183
128166372599818332,rsrch,0,Write,3154137088,4096,1173
128166372599818340,rsrch,0,Write,3154137088,4096,1166
128166372620755188,rsrch,0,Write,3228045312,4096,1752
128166372621848734,rsrch,0,Write,6218854400,4096,1949
128166372621848748,rsrch,0,Write,3257090048,4096,1934
128166372621848779,rsrch,0,Write,3288494080,4096,1904
128166372621848830,rsrch,0,Write,3222630400,4096,1852
128166372621848868,rsrch,0,Write,3225792512,4096,1814
128166372621848882,rsrch,0,Write,3223592960,4096,1801
128166372621848909,rsrch,0,Write,3282485248,4096,1774
128166372621849047,rsrch,0,Write,6216929280,8192,1635
128166372621849070,rsrch,0,Write,3223003136,4096,1612
128166372621849100,rsrch,0,Write,3226234880,4096,1582
128166372621849133,rsrch,0,Write,3227955200,4096,1550
128166372621849209,rsrch,0,Write,3289616384,4096,1473
128166372621849231,rsrch,0,Write,3222859776,4096,1451
128166372621849239,rsrch,0,Write,3221532672,4096,1444
128166372621849254,rsrch,0,Write,3222122496,4096,1429
128166372621849258,rsrch,0,Write,3225817088,4096,1424
128166372621849260,rsrch,0,Write,3221725184,4096,1423
128166372621849261,rsrch,0,Write,3221880832,4096,1421
128166372621849296,rsrch,0,Write,3226132480,4096,1387
128166372621849297,rsrch,0,Write,3221921792,4096,1385
128166372621849303,rsrch,0,Write,3222597632,4096,1380
128166372621849318,rsrch,0,Write,3225051136,4096,1365
128166372621849334,rsrch,0,Write,3226222592,4096,1348
128166372621849340,rsrch,0,Write,3267080192,4096,1342
128166372621849348,rsrch,0,Write,3289432064,4096,1335
128166372621849375,rsrch,0,Write,3223330816,4096,1307
128166372621849380,rsrch,0,Write,3276443648,8192,1302
128166372621849386,rsrch,0,Write,3222745088,4096,1297
128166372621849393,rsrch,0,Write,3290578944,4096,1289
128166372621849412,rsrch,0,Write,3268493312,4096,1270
128166372621849419,rsrch,0,Write,6215831552,4096,1263
128166372621849426,rsrch,0,Write,3227967488,4096,1257
128166372621849437,rsrch,0,Write,3269013504,4096,1245
128166372621849442,rsrch,0,Write,3269095424,4096,1241
128166372621849443,rsrch,0,Write,3290468352,4096,1240
128166372621849456,rsrch,0,Write,3226267648,4096,1227
128166372621849461,rsrch,0,Write,3267555328,4096,1222
128166372621849464,rsrch,0,Write,3302887424,4096,1218
128166372621849465,rsrch,0,Write,3294277632,4096,1218
128166372621849467,rsrch,0,Write,3270946816,4096,1215
128166372621849469,rsrch,0,Write,3294326784,4096,1214
128166372621849470,rsrch,0,Write,3268505600,4096,1212
128166372621849470,rsrch,0,Write,3257507840,4096,1212
128166372621849478,rsrch,0,Write,3282399232,4096,1204
128166372621849478,rsrch,0,Write,3276775424,4096,1205
128166372621849490,rsrch,0,Write,3154132992,4096,1193
128166372621849500,rsrch,0,Write,3299819520,4096,1183
128166372621849506,rsrch,0,Write,3276070912,4096,1177
128166372621849508,rsrch,0,Write,3268046848,4096,1175
128166372621849520,rsrch,0,Write,3256291328,4096,1163
128166372621849528,rsrch,0,Write,3276079104,4096,1154
128166372631845990,rsrch,0,Write,1195540480,4096,4638
128166372631846537,rsrch,0,Write,14798176256,4096,4090
128166372631847025,rsrch,0,Write,7948808192,4096,3602
128166372631847576,rsrch,0,Write,7472517120,4096,3052
128166372631848005,rsrch,0,Write,7471173632,4096,2623
128166372631848356,rsrch,0,Write,1192517632,4096,2271
128166372631848549,rsrch,0,Write,5271453696,4096,2078
128166372631848564,rsrch,0,Write,2646843392,4096,2064
128166372631848582,rsrch,0,Write,2615746560,4096,2045
128166372631848595,rsrch,0,Write,1159376896,4096,2032
128166372631848601,rsrch,0,Write,7475691520,4096,2027
128166372631848656,rsrch,0,Write,7465959424,4096,1972
128166372631848688,rsrch,0,Write,1154547712,4096,1939
128166372631848693,rsrch,0,Write,2186629120,4096,1934
128166372631848697,rsrch,0,Write,886317056,4096,1931
128166372631848702,rsrch,0,Write,881512448,4096,1926
128166372631848704,rsrch,0,Write,492503040,4096,1924
128166372631848705,rsrch,0,Write,1104699392,4096,1922
128166372631848715,rsrch,0,Write,1047244800,4096,1913
128166372631848716,rsrch,0,Write,846544896,4096,1911
128166372631848734,rsrch,0,Write,832069632,4096,1894
128166372631848754,rsrch,0,Write,1188769792,4096,1873
128166372631849210,rsrch,0,Write,7475683328,4096,1417
128166372631849246,rsrch,0,Write,1199476736,4096,1382
128166372631849324,rsrch,0,Write,954175488,4096,1304
128166372631849328,rsrch,0,Write,1081118720,4096,1299
128166372631849330,rsrch,0,Write,1288867840,4096,1297
128166372631849332,rsrch,0,Write,1084084224,4096,1295
128166372631849334,rsrch,0,Write,879161344,4096,1294
128166372631849335,rsrch,0,Write,518647808,4096,1293
128166372631849348,rsrch,0,Write,1099317248,4096,1279
128166372631849350,rsrch,0,Write,822636544,4096,1278
128166372631849383,rsrch,0,Write,446296064,4096,1245
128166372631849385,rsrch,0,Write,646402048,4096,1243
128166372631849387,rsrch,0,Write,1074290688,4096,1241
128166372631849402,rsrch,0,Write,1067880448,4096,1226
128166372631849405,rsrch,0,Write,674283520,4096,1222
128166372631849431,rsrch,0,Write,17098567680,4096,1197
128166372641845254,rsrch,0,Write,5016657920,65536,5364
128166372641846024,rsrch,0,Write,13081767936,36864,4595
128166372641846549,rsrch,0,Write,13081804800,65536,4069
128166372641848075,rsrch,0,Write,5016723456,28672,2543
128166372641848172,rsrch,0,Write,13081870336,30720,2447
128166372641848668,rsrch,0,Write,1278550016,4096,1950
128166372641849440,rsrch,0,Write,5016522752,4096,1178
128166372651845804,rsrch,0,Write,9099698176,8192,4750
128166372651846265,rsrch,0,Write,9992806400,4096,4289
128166372651846624,rsrch,0,Write,9099567104,61440,3930
128166372651846738,rsrch,0,Write,6689951744,4096,3817
128166372651847536,rsrch,0,Write,3134930944,4096,3018
128166372651848208,rsrch,0,Write,428830720,4096,2346
128166372651848690,rsrch,0,Write,9099644928,16384,1865
128166372651848911,rsrch,0,Write,9099964416,12288,1644
128166372651849013,rsrch,0,Write,9099776000,12288,1541
128166372651849094,rsrch,0,Write,3221237760,4096,1460
128166372651849136,rsrch,0,Write,9099829248,8192,1418
128166372651849138,rsrch,0,Write,9099714560,8192,1416
128166372651849184,rsrch,0,Write,9099792384,8192,1371
128166372651849324,rsrch,0,Write,9099907072,4096,1231
128166372651849324,rsrch,0,Write,9099997184,4096,1230
128166372651849327,rsrch,0,Write,9099804672,4096,1227
128166372651849327,rsrch,0,Write,9099886592,4096,1228
128166372651849334,rsrch,0,Write,9100005376,4096,1220
128166372651849335,rsrch,0,Write,9100091392,4096,1220
128166372651849338,rsrch,0,Write,9100079104,4096,1216
128166372651849345,rsrch,0,Write,9100025856,4096,1210
128166372651849346,rsrch,0,Write,9100046336,4096,1208
128166372651849349,rsrch,0,Write,9099755520,4096,1205
128166372651849373,rsrch,0,Write,9099632640,4096,1181
128166372661847788,rsrch,0,Write,1815773184,4096,2711
128166372661848428,rsrch,0,Write,1439911936,4096,2071
128166372670752871,rsrch,0,Write,3201019904,57344,3876
128166372670755601,rsrch,0,Write,3154137088,4096,1146
128166372670755639,rsrch,0,Write,3154124800,4096,1108
128166372671848118,rsrch,0,Write,13502529536,4096,2372
128166372671848445,rsrch,0,Write,1582026752,4096,2046
128166372674815136,rsrch,0,Write,15645843456,4096,4086
128166372674815791,rsrch,0,Write,15123931136,4096,3430
128166372674816244,rsrch,0,Write,15645843456,4096,2977
128166372674816893,rsrch,0,Write,15123931136,4096,2328
128166372674816910,rsrch,0,Write,14759608320,4096,2312
128166372674817225,rsrch,0,Write,2022240256,8192,1996
128166372674817266,rsrch,0,Write,14068207616,8192,1955
128166372674817295,rsrch,0,Write,7295303680,8192,1926
128166372674817388,rsrch,0,Write,11395534848,16384,1833
128166372674817420,rsrch,0,Write,2022240256,8192,1802
128166372674817481,rsrch,0,Write,8979197952,8192,1741
128166372674817518,rsrch,0,Write,11395534848,16384,1703
128166372674817541,rsrch,0,Write,8979197952,8192,1680
128166372674817570,rsrch,0,Write,3201077248,4096,1652
128166372674817685,rsrch,0,Write,14759608320,4096,1536
128166372674817771,rsrch,0,Write,8762142720,8192,1451
128166372674817782,rsrch,0,Write,11395559424,8192,1440
128166372674817788,rsrch,0,Write,3154132992,4096,1434
128166372674817792,rsrch,0,Write,7615655936,8192,1429
128166372674817794,rsrch,0,Write,11395518464,8192,1427
128166372674817811,rsrch,0,Write,7295303680,8192,1410
128166372674817815,rsrch,0,Write,7615483904,8192,1406
128166372674817820,rsrch,0,Write,2500763648,8192,1402
128166372674817825,rsrch,0,Write,8762142720,8192,1397
128166372674817861,rsrch,0,Write,14068207616,8192,1361
128166372674817861,rsrch,0,Write,7615655936,8192,1360
128166372674817864,rsrch,0,Write,11395559424,8192,1357
128166372674817884,rsrch,0,Write,11395518464,8192,1337
128166372674817889,rsrch,0,Write,2500763648,8192,1333
128166372674817893,rsrch,0,Write,3154137088,4096,1329
128166372674817897,rsrch,0,Write,7615483904,8192,1324
128166372674818012,rsrch,0,Write,3154132992,4096,1210
128166372674818046,rsrch,0,Write,3154137088,4096,1175
128166372681847649,rsrch,0,Write,10610769920,4096,2787
128166372681848365,rsrch,0,Write,2855809024,4096,2071
128166372691848713,rsrch,0,Write,815464448,2560,1714
128166372701848530,rsrch,0,Write,1317449728,4096,1832
128166372711847333,rsrch,0,Write,7459274752,4096,2974
128166372711847630,rsrch,0,Write,5238079488,4096,2677
128166372711847999,rsrch,0,Write,2695544832,4096,2308
128166372720753017,rsrch,0,Write,3201081344,49152,3539
128166372720755404,rsrch,0,Write,3154132992,4096,1152
128166372720755429,rsrch,0,Write,3154128896,4096,1126
128166372741847730,rsrch,0,Write,1256841216,4096,2504
128166372741848074,rsrch,0,Write,342814720,4096,2160
128166372741848315,rsrch,0,Write,377233408,4096,1920
128166372741848953,rsrch,0,Write,274022400,4096,1281
128166372749815719,rsrch,0,Write,7818829824,4096,3215
128166372749816332,rsrch,0,Write,7818829824,4096,2601
128166372749816372,rsrch,0,Write,7818776576,4096,2561
128166372749816955,rsrch,0,Write,3057287168,8192,1978
128166372749816967,rsrch,0,Write,7818776576,4096,1967
128166372749816988,rsrch,0,Write,7852126208,4096,1946
128166372749817549,rsrch,0,Write,3057287168,8192,1384
128166372749817564,rsrch,0,Write,3201130496,8192,1369
128166372749817568,rsrch,0,Write,7852126208,4096,1365
128166372749817703,rsrch,0,Write,3154132992,4096,1230
128166372749817705,rsrch,0,Write,3154137088,4096,1228
128166372749817721,rsrch,0,Write,3154137088,4096,1213
128166372751847862,rsrch,0,Write,1412071424,4096,2317
128166372751848220,rsrch,0,Write,15287607296,4096,1959
128166372761848273,rsrch,0,Write,1285558272,4096,1898
128166372761849047,rsrch,0,Write,1250234368,4096,1124
128166372770752953,rsrch,0,Write,3201138688,49152,3410
128166372770755237,rsrch,0,Write,3154132992,4096,1126
128166372770755262,rsrch,0,Write,3154124800,4096,1101
128166372781847879,rsrch,0,Write,1317449728,8192,2173
128166372794191487,rsrch,0,Write,8598298624,16384,2291
128166372794191557,rsrch,0,Write,8588992512,16384,2221
128166372794191698,rsrch,0,Write,8598085632,16384,2079
128166372794191909,rsrch,0,Write,8598315008,16384,1868
128166372794191997,rsrch,0,Write,8587796480,16384,1780
128166372794192015,rsrch,0,Write,8597577728,16384,1763
128166372794192046,rsrch,0,Write,8598102016,16384,1732
128166372794192073,rsrch,0,Write,8588976128,16384,1704
128166372794192087,rsrch,0,Write,8587796480,16384,1691
128166372794192160,rsrch,0,Write,7478116352,512,1618
128166372794192166,rsrch,0,Write,3154132992,4096,1612
128166372794192377,rsrch,0,Write,3154137088,4096,1400
128166372794192497,rsrch,0,Write,8587796480,4096,1280
128166372794192504,rsrch,0,Write,7478116864,7680,1274
128166372794192543,rsrch,0,Write,7478149120,4096,1234
128166372794192563,rsrch,0,Write,3154132992,4096,1214
128166372794192576,rsrch,0,Write,3201187840,4096,1202
128166372794192579,rsrch,0,Write,7478153216,4096,1199
128166372794192594,rsrch,0,Write,7478145024,4096,1183
128166372794192600,rsrch,0,Write,7478116352,512,1178
128166372794192664,rsrch,0,Write,3154137088,4096,1114
128166372794192666,rsrch,0,Write,7478124544,4096,1112
128166372794192689,rsrch,0,Write,7478132736,4096,1088
128166372794192692,rsrch,0,Write,7478157312,4096,1086
128166372794192693,rsrch,0,Write,7478128640,4096,1085
128166372794192694,rsrch,0,Write,7478136832,4096,1084
128166372794192701,rsrch,0,Write,7478140928,4096,1076
128166372820754377,rsrch,0,Write,6216929280,4096,1794
128166372870752474,rsrch,0,Write,3201191936,49152,3505
128166372870754850,rsrch,0,Write,3154137088,4096,1129
128166372870754880,rsrch,0,Write,3154128896,4096,1099
128166372891847686,rsrch,0,Write,3268702208,4096,1972
128166372891848460,rsrch,0,Write,3228045312,4096,1199
128166372891848476,rsrch,0,Write,3276382208,4096,1183
128166372891848512,rsrch,0,Write,3276435456,4096,1147
128166372891848536,rsrch,0,Write,3292598272,4096,1123
128166372891848549,rsrch,0,Write,3299819520,4096,1109
128166372891848553,rsrch,0,Write,3302887424,4096,1106
128166372891848553,rsrch,0,Write,3227922432,4096,1105
128166372891848556,rsrch,0,Write,6216933376,4096,1103
128166372901847726,rsrch,0,Write,7470653440,4096,1878
128166372920752051,rsrch,0,Write,3201241088,53248,3736
128166372920754598,rsrch,0,Write,3154132992,4096,1189
128166372920754685,rsrch,0,Write,3154124800,4096,1102
128166372941847761,rsrch,0,Write,3760427008,3072,1706
128166372951847560,rsrch,0,Write,11049758720,4096,1851
128166372961847546,rsrch,0,Write,1278550016,4096,1856
128166372970751977,rsrch,0,Write,3201294336,53248,3618
128166372970754298,rsrch,0,Write,3154137088,4096,1297
128166372970754437,rsrch,0,Write,3154128896,4096,1158
128166372971847545,rsrch,0,Write,676470784,4096,1793
128166373020751744,rsrch,0,Write,3201347584,49152,3659
128166373020754196,rsrch,0,Write,3154132992,4096,1207
128166373020754231,rsrch,0,Write,3154124800,4096,1172
128166373020909019,rsrch,0,Write,15645843456,4096,2633
128166373020909121,rsrch,0,Write,15645843456,4096,2531
128166373020909483,rsrch,0,Write,1705496576,16384,2170
128166373020909664,rsrch,0,Write,15123931136,4096,1989
128166373020909719,rsrch,0,Write,3154132992,4096,1934
128166373020909749,rsrch,0,Write,15123931136,4096,1904
128166373020909861,rsrch,0,Write,13200945152,16384,1791
128166373020909944,rsrch,0,Write,13200945152,16384,1708
128166373020909952,rsrch,0,Write,1705496576,16384,1700
128166373020910220,rsrch,0,Write,3154137088,4096,1433
128166373020910274,rsrch,0,Write,14759608320,4096,1378
128166373020910339,rsrch,0,Write,14759608320,4096,1314
128166373020910464,rsrch,0,Write,3154132992,4096,1188
128166373020910475,rsrch,0,Write,3154137088,4096,1177
128166373051847209,rsrch,0,Write,1731092480,4096,1819
128166373070751745,rsrch,0,Write,3201396736,49152,3466
128166373070753900,rsrch,0,Write,3154137088,4096,1312
128166373070754050,rsrch,0,Write,3154128896,4096,1161
128166373101847017,rsrch,0,Write,3243180032,4096,1818
128166373101847524,rsrch,0,Write,6216929280,8192,1312
128166373101847552,rsrch,0,Write,3267555328,4096,1284
128166373101847616,rsrch,0,Write,3276410880,4096,1220
128166373101847662,rsrch,0,Write,3276435456,4096,1173
128166373101847664,rsrch,0,Write,3292561408,4096,1171
128166373101847666,rsrch,0,Write,3276386304,4096,1169
128166373101847667,rsrch,0,Write,3221377024,4096,1169
128166373101847673,rsrch,0,Write,3228045312,4096,1163
128166373111846198,rsrch,0,Write,221343744,4096,2629
128166373111846658,rsrch,0,Write,1100881920,4096,2168
128166373120751389,rsrch,0,Write,3201445888,49152,3631
128166373120753799,rsrch,0,Write,3154132992,4096,1221
128166373120753823,rsrch,0,Write,3154124800,4096,1196
128166373141846238,rsrch,0,Write,1412071424,4096,2460
128166373141846670,rsrch,0,Write,13081899008,2560,2029
128166373170751339,rsrch,0,Write,3201495040,49152,3488
128166373170753708,rsrch,0,Write,3154137088,4096,1120
128166373170753731,rsrch,0,Write,3154128896,4096,1097
128166373235907486,rsrch,0,Write,3201544192,49152,3366
128166373235908873,rsrch,0,Write,7478116352,512,1980
128166373235908970,rsrch,0,Write,8598986752,16384,1882
128166373235909092,rsrch,0,Write,8587796480,16384,1761
128166373235909164,rsrch,0,Write,8587796480,16384,1688
128166373235909199,rsrch,0,Write,8696414208,16384,1653
128166373235909364,rsrch,0,Write,7478124544,4096,1488
128166373235909383,rsrch,0,Write,3154132992,4096,1470
128166373235909418,rsrch,0,Write,7478116864,7680,1434
128166373235909497,rsrch,0,Write,3154132992,4096,1356
128166373235909544,rsrch,0,Write,7478132736,8192,1308
128166373235909563,rsrch,0,Write,3154124800,4096,1290
128166373235909595,rsrch,0,Write,3201593344,4096,1258
128166373235909611,rsrch,0,Write,7478116352,512,1242
128166373235909706,rsrch,0,Write,7478128640,4096,1147
128166373235909718,rsrch,0,Write,8587796480,4096,1134
128166373235909722,rsrch,0,Write,3154137088,4096,1131
128166373235909724,rsrch,0,Write,3154137088,4096,1128
128166373285908940,rsrch,0,Write,3154132992,4096,1721
128166373285909536,rsrch,0,Write,3302887424,4096,1124
128166373320907533,rsrch,0,Write,7818829824,4096,2971
128166373320907542,rsrch,0,Write,7818829824,4096,2961
128166373320908167,rsrch,0,Write,7818776576,4096,2336
128166373320908189,rsrch,0,Write,7818776576,4096,2315
128166373320908475,rsrch,0,Write,14068207616,8192,2028
128166373320908694,rsrch,0,Write,8979197952,8192,1810
128166373320908787,rsrch,0,Write,7852126208,4096,1716
128166373320908795,rsrch,0,Write,7852126208,4096,1708
128166373320908808,rsrch,0,Write,3201597440,4096,1696
128166373320908839,rsrch,0,Write,2022240256,8192,1664
128166373320909035,rsrch,0,Write,3154132992,4096,1468
128166373320909081,rsrch,0,Write,2022240256,8192,1422
128166373320909115,rsrch,0,Write,8979197952,8192,1388
128166373320909133,rsrch,0,Write,2500763648,8192,1370
128166373320909134,rsrch,0,Write,14068207616,8192,1370
128166373320909151,rsrch,0,Write,2500763648,8192,1353
128166373320909278,rsrch,0,Write,3154137088,4096,1226
128166373320909279,rsrch,0,Write,3154137088,4096,1225
128166373320909293,rsrch,0,Write,3154132992,4096,1211
128166373335906998,rsrch,0,Write,3201601536,49152,3471
128166373335909316,rsrch,0,Write,3154137088,4096,1152
128166373335909348,rsrch,0,Write,3154128896,4096,1121
128166373337783792,rsrch,0,Write,1317453824,4096,1665
128166373357783670,rsrch,0,Write,3154132992,4096,1706
128166373357783781,rsrch,0,Write,3299819520,4096,1594
128166373357784057,rsrch,0,Write,6216929280,8192,1319
128166373357784164,rsrch,0,Write,1278550016,4096,1211
128166373357784200,rsrch,0,Write,3228045312,4096,1175
128166373357784213,rsrch,0,Write,3302887424,4096,1162
128166373385906715,rsrch,0,Write,3201650688,49152,3562
128166373385909099,rsrch,0,Write,3154137088,4096,1177
128166373385909115,rsrch,0,Write,3154124800,4096,1162
128166373387313906,rsrch,0,Write,8587796480,16384,2611
128166373387314519,rsrch,0,Write,8588992512,16384,1998
128166373387314617,rsrch,0,Write,8597577728,16384,1901
128166373387314792,rsrch,0,Write,3154137088,4096,1725
128166373387314840,rsrch,0,Write,8598085632,16384,1677
128166373387314851,rsrch,0,Write,8587796480,16384,1667
128166373387314956,rsrch,0,Write,8587796480,4096,1561
128166373387314996,rsrch,0,Write,7478116352,512,1522
128166373387315233,rsrch,0,Write,7478116864,7680,1284
128166373387315399,rsrch,0,Write,7478124544,4096,1118
128166373387315402,rsrch,0,Write,3154132992,4096,1116
128166373387315402,rsrch,0,Write,3154132992,4096,1115
128166373387315404,rsrch,0,Write,3154137088,4096,1114
128166373387315421,rsrch,0,Write,7478128640,4096,1097
128166373387315428,rsrch,0,Write,7478132736,4096,1090
128166373387315437,rsrch,0,Write,7478136832,4096,1080
128166373387315518,rsrch,0,Write,7478116352,512,999
128166373437312728,rsrch,0,Write,3201699840,49152,3597
128166373437315142,rsrch,0,Write,3154132992,4096,1184
